1, 1, 3, 99, '2013-2'
2, 2, 4, 77, '2003-11'
3, 3, 7, 78, '2013-10'
4, 3, 7, 100, '2007-4'
5, 4, 4, 77, '2004-9'
6, 5, 2, 61, '2008-3'
7, 5, 2, 75, '2008-4'
8, 6, 8, 43, '2008-6'
9, 6, 7, 94, '2003-8'
10, 7, 2, 112, '2001-12'
11, 8, 2, 80, '2014-4'
12, 9, 9, 77, '2007-7'
13, 10, 1, 110, '2011-5'
14, 11, 9, 92, '2013-7'
15, 12, 7, 90, '2009-12'
16, 13, 6, 71, '2008-4'
17, 14, 1, 79, '2014-6'
18, 15, 2, 110, '2008-3'
19, 17, 1, 108, '2013-2'
20, 17, 7, 52, '2009-9'
21, 16, 10, 114, '2014-8'
22, 16, 6, 63, '2008-1'
23, 19, 5, 75, '2001-6'
24, 18, 5, 111, '2004-4'
25, 21, 5, 106, '2001-11'
26, 20, 9, 51, '2012-9'
27, 20, 5, 117, '2008-3'
28, 23, 9, 74, '2000-2'
29, 23, 1, 108, '2011-10'
30, 22, 1, 93, '2012-11'
31, 25, 7, 119, '2014-6'
32, 24, 5, 107, '2004-2'
33, 27, 5, 88, '2009-7'
34, 26, 10, 109, '2011-7'
35, 29, 10, 119, '2006-6'
36, 29, 7, 60, '2002-3'
37, 28, 9, 50, '2006-6'
38, 31, 3, 89, '2010-3'
39, 30, 5, 105, '2006-8'
40, 34, 10, 80, '2000-8'
41, 35, 2, 81, '2002-5'
42, 35, 7, 56, '2011-12'
43, 32, 8, 47, '2009-7'
44, 32, 8, 104, '2002-3'
45, 33, 1, 65, '2008-7'
46, 33, 8, 71, '2000-9'
47, 38, 7, 75, '2006-9'
48, 39, 1, 111, '2010-5'
49, 39, 6, 74, '2012-11'
50, 36, 8, 98, '2002-4'
51, 36, 8, 51, '2008-8'
52, 37, 1, 65, '2014-10'
53, 42, 8, 81, '2002-6'
54, 42, 5, 87, '2008-1'
55, 43, 5, 107, '2014-7'
56, 40, 1, 55, '2008-4'
57, 40, 7, 79, '2000-10'
58, 41, 5, 72, '2003-4'
59, 46, 3, 75, '2012-1'
60, 47, 4, 67, '2000-7'
61, 44, 2, 52, '2010-9'
62, 45, 2, 71, '2002-3'
63, 45, 5, 50, '2011-8'
64, 51, 9, 64, '2006-4'
65, 50, 9, 92, '2004-5'
66, 50, 4, 85, '2012-6'
67, 49, 4, 112, '2006-11'
68, 49, 6, 45, '2000-3'
69, 48, 8, 107, '2011-5'
70, 48, 5, 117, '2013-12'
71, 55, 8, 80, '2005-11'
72, 55, 2, 113, '2000-3'
73, 54, 8, 87, '2014-2'
74, 54, 5, 48, '2009-3'
75, 53, 4, 55, '2012-8'
76, 52, 9, 95, '2008-12'
77, 59, 9, 80, '2009-1'
78, 59, 7, 45, '2014-4'
79, 58, 9, 103, '2008-12'
80, 57, 10, 53, '2013-1'
81, 57, 2, 74, '2012-8'
82, 56, 6, 48, '2010-4'
83, 63, 2, 56, '2004-5'
84, 62, 6, 73, '2009-12'
85, 62, 10, 54, '2002-8'
86, 61, 6, 98, '2007-11'
87, 60, 2, 104, '2005-8'
88, 60, 10, 85, '2010-8'
89, 68, 6, 103, '2007-1'
90, 68, 6, 55, '2014-8'
91, 69, 8, 55, '2009-11'
92, 70, 7, 90, '2010-10'
93, 70, 7, 88, '2003-10'
94, 71, 8, 113, '2002-9'
95, 64, 4, 97, '2014-2'
96, 65, 7, 95, '2006-12'
97, 66, 5, 61, '2009-1'
98, 67, 5, 83, '2003-10'
99, 67, 9, 104, '2000-2'
100, 76, 1, 56, '2012-5'
101, 77, 8, 81, '2000-8'
102, 77, 4, 99, '2010-12'
103, 78, 3, 99, '2003-7'
104, 78, 6, 59, '2013-5'
105, 79, 1, 119, '2003-5'
106, 72, 10, 95, '2005-4'
107, 73, 8, 74, '2006-8'
108, 73, 5, 54, '2012-2'
109, 74, 6, 44, '2004-10'
110, 74, 2, 42, '2011-7'
111, 75, 3, 53, '2011-11'
112, 85, 1, 75, '2008-1'
113, 85, 6, 50, '2000-5'
114, 84, 1, 107, '2001-4'
115, 87, 2, 69, '2000-2'
116, 86, 10, 51, '2005-4'
117, 81, 2, 103, '2012-3'
118, 80, 9, 87, '2014-3'
119, 83, 1, 48, '2008-8'
120, 83, 2, 74, '2010-1'
121, 82, 6, 82, '2013-2'
122, 93, 3, 89, '2002-8'
123, 93, 3, 91, '2006-5'
124, 92, 5, 106, '2010-11'
125, 92, 3, 98, '2001-5'
126, 95, 2, 88, '2007-7'
127, 95, 4, 111, '2002-1'
128, 94, 10, 115, '2001-12'
129, 89, 1, 85, '2005-4'
130, 88, 3, 56, '2014-7'
131, 91, 2, 100, '2013-2'
132, 91, 2, 74, '2000-4'
133, 90, 6, 96, '2004-4'
134, 102, 6, 52, '2007-1'
135, 103, 9, 114, '2003-9'
136, 103, 10, 74, '2000-1'
137, 100, 3, 99, '2005-12'
138, 100, 1, 74, '2014-12'
139, 101, 2, 100, '2007-6'
140, 98, 4, 71, '2007-4'
141, 99, 10, 109, '2011-7'
142, 96, 9, 116, '2014-3'
143, 97, 5, 85, '2006-4'
144, 97, 4, 106, '2011-12'
145, 110, 7, 71, '2002-6'
146, 110, 8, 70, '2013-4'
147, 111, 4, 48, '2003-2'
148, 108, 2, 83, '2008-2'
149, 109, 5, 59, '2009-7'
150, 109, 2, 108, '2012-8'
151, 106, 6, 102, '2013-5'
152, 106, 7, 70, '2009-9'
153, 107, 5, 55, '2012-3'
154, 104, 2, 98, '2005-12'
155, 105, 8, 88, '2014-8'
156, 105, 5, 64, '2003-12'
157, 119, 5, 109, '2014-9'
158, 118, 10, 50, '2006-3'
159, 117, 2, 111, '2005-5'
160, 116, 6, 43, '2005-2'
161, 116, 5, 78, '2013-12'
162, 115, 1, 55, '2009-2'
163, 114, 2, 48, '2007-7'
164, 114, 8, 90, '2013-10'
165, 113, 9, 53, '2004-11'
166, 112, 3, 116, '2010-1'
167, 127, 8, 111, '2007-9'
168, 126, 4, 89, '2012-7'
169, 126, 1, 64, '2003-9'
170, 125, 4, 91, '2000-6'
171, 125, 5, 71, '2000-6'
172, 124, 5, 66, '2001-11'
173, 124, 6, 86, '2009-8'
174, 123, 8, 116, '2014-1'
175, 123, 10, 116, '2013-3'
176, 122, 10, 111, '2002-1'
177, 121, 2, 116, '2007-3'
178, 121, 10, 61, '2013-3'
179, 120, 1, 89, '2010-2'
180, 120, 6, 115, '2001-9'
181, 137, 5, 118, '2002-11'
182, 136, 7, 109, '2003-12'
183, 136, 9, 49, '2006-5'
184, 139, 2, 93, '2004-2'
185, 139, 1, 90, '2003-2'
186, 138, 6, 52, '2008-5'
187, 141, 8, 75, '2002-10'
188, 140, 4, 86, '2001-6'
189, 143, 4, 53, '2006-11'
190, 143, 8, 97, '2007-6'
191, 142, 4, 112, '2005-2'
192, 129, 3, 110, '2011-1'
193, 129, 9, 112, '2001-6'
194, 128, 10, 61, '2011-2'
195, 128, 5, 81, '2001-6'
196, 131, 4, 65, '2013-7'
197, 131, 8, 43, '2003-5'
198, 130, 6, 111, '2013-1'
199, 133, 10, 44, '2012-10'
200, 133, 6, 43, '2013-4'
201, 132, 9, 87, '2009-10'
202, 132, 9, 80, '2005-3'
203, 135, 2, 116, '2013-1'
204, 134, 3, 106, '2007-11'
205, 152, 6, 101, '2005-8'
206, 153, 7, 88, '2012-7'
207, 154, 3, 78, '2014-6'
208, 154, 9, 93, '2012-6'
209, 155, 2, 60, '2008-8'
210, 155, 1, 109, '2008-1'
211, 156, 6, 98, '2004-9'
212, 157, 9, 79, '2008-6'
213, 158, 5, 94, '2009-11'
214, 158, 8, 94, '2009-10'
215, 159, 4, 75, '2009-5'
216, 159, 3, 41, '2009-11'
217, 144, 8, 51, '2013-1'
218, 144, 4, 60, '2007-6'
219, 145, 6, 80, '2006-6'
220, 145, 10, 50, '2006-12'
221, 146, 3, 97, '2003-6'
222, 146, 9, 69, '2002-9'
223, 147, 6, 106, '2010-11'
224, 147, 7, 96, '2010-9'
225, 148, 1, 48, '2004-11'
226, 149, 9, 95, '2000-3'
227, 149, 9, 109, '2009-2'
228, 150, 9, 115, '2010-9'
229, 151, 6, 83, '2003-1'
230, 151, 6, 83, '2011-1'
231, 171, 2, 117, '2011-1'
232, 170, 3, 70, '2005-10'
233, 170, 2, 65, '2001-1'
234, 169, 4, 106, '2006-10'
235, 168, 10, 69, '2011-9'
236, 175, 1, 105, '2004-12'
237, 175, 7, 90, '2005-3'
238, 174, 5, 93, '2012-6'
239, 173, 1, 108, '2013-7'
240, 172, 10, 117, '2006-3'
241, 172, 1, 87, '2013-9'
242, 163, 2, 81, '2004-2'
243, 163, 10, 46, '2012-3'
244, 162, 8, 79, '2004-1'
245, 161, 4, 82, '2007-8'
246, 161, 2, 60, '2006-5'
247, 160, 6, 46, '2003-8'
248, 167, 4, 87, '2008-8'
249, 167, 9, 79, '2006-10'
250, 166, 3, 73, '2000-12'
251, 166, 2, 97, '2008-9'
252, 165, 2, 88, '2013-4'
253, 165, 9, 54, '2004-3'
254, 164, 6, 50, '2006-6'
255, 164, 5, 111, '2010-2'
256, 186, 10, 46, '2011-6'
257, 186, 3, 71, '2011-5'
258, 187, 3, 118, '2012-10'
259, 184, 3, 63, '2001-3'
260, 185, 4, 108, '2010-2'
261, 185, 9, 65, '2013-12'
262, 190, 1, 101, '2007-9'
263, 191, 5, 98, '2004-6'
264, 191, 8, 61, '2000-11'
265, 188, 8, 40, '2005-4'
266, 189, 6, 63, '2006-7'
267, 178, 7, 119, '2005-1'
268, 178, 5, 113, '2005-1'
269, 179, 4, 98, '2003-2'
270, 176, 3, 87, '2013-2'
271, 177, 5, 94, '2005-7'
272, 177, 5, 70, '2009-10'
273, 182, 7, 91, '2008-2'
274, 183, 4, 91, '2002-12'
275, 183, 8, 76, '2008-8'
276, 180, 6, 115, '2010-9'
277, 180, 3, 64, '2003-10'
278, 181, 3, 97, '2000-3'
279, 205, 2, 86, '2009-8'
280, 205, 3, 73, '2009-5'
281, 204, 10, 73, '2001-4'
282, 207, 2, 116, '2002-2'
283, 207, 10, 53, '2013-9'
284, 206, 7, 111, '2002-11'
285, 201, 7, 57, '2007-1'
286, 201, 7, 85, '2001-6'
287, 200, 8, 116, '2014-1'
288, 203, 1, 109, '2013-12'
289, 203, 1, 59, '2003-10'
290, 202, 2, 88, '2013-10'
291, 202, 2, 70, '2009-5'
292, 197, 3, 64, '2002-11'
293, 197, 9, 73, '2007-5'
294, 196, 2, 84, '2000-1'
295, 196, 1, 74, '2005-9'
296, 199, 9, 90, '2007-6'
297, 198, 4, 82, '2007-10'
298, 193, 9, 119, '2010-11'
299, 192, 7, 78, '2014-10'
300, 195, 10, 65, '2014-2'
301, 195, 10, 64, '2002-5'
302, 194, 9, 71, '2012-3'
303, 220, 7, 64, '2006-10'
304, 220, 6, 69, '2011-8'
305, 221, 4, 82, '2008-11'
306, 221, 3, 83, '2009-8'
307, 222, 2, 85, '2000-12'
308, 223, 4, 120, '2005-4'
309, 216, 9, 51, '2000-8'
310, 217, 1, 110, '2007-2'
311, 218, 6, 53, '2011-11'
312, 219, 3, 59, '2005-7'
313, 219, 4, 68, '2002-10'
314, 212, 2, 80, '2007-4'
315, 213, 9, 88, '2007-9'
316, 213, 5, 77, '2004-1'
317, 214, 7, 108, '2005-9'
318, 215, 7, 83, '2008-1'
319, 215, 9, 42, '2009-5'
320, 208, 10, 71, '2012-12'
321, 208, 6, 117, '2011-12'
322, 209, 1, 42, '2011-8'
323, 210, 9, 40, '2008-9'
324, 211, 6, 101, '2007-11'
325, 211, 3, 94, '2002-5'
326, 239, 10, 106, '2012-4'
327, 239, 10, 62, '2012-10'
328, 238, 8, 92, '2002-11'
329, 237, 2, 45, '2001-10'
330, 236, 2, 50, '2006-1'
331, 236, 10, 40, '2000-10'
332, 235, 1, 43, '2007-5'
333, 234, 9, 41, '2011-11'
334, 234, 8, 59, '2000-9'
335, 233, 9, 111, '2000-4'
336, 232, 7, 112, '2007-6'
337, 232, 1, 88, '2012-4'
338, 231, 8, 60, '2000-12'
339, 230, 8, 52, '2008-4'
340, 229, 10, 86, '2007-3'
341, 228, 1, 84, '2006-6'
342, 228, 8, 100, '2011-11'
343, 227, 10, 105, '2003-2'
344, 227, 6, 109, '2012-8'
345, 226, 5, 50, '2009-10'
346, 226, 6, 77, '2013-3'
347, 225, 9, 89, '2010-1'
348, 224, 7, 44, '2001-5'
349, 254, 10, 117, '2007-10'
350, 255, 10, 83, '2014-2'
351, 255, 6, 86, '2008-1'
352, 252, 7, 68, '2009-1'
353, 252, 6, 97, '2007-5'
354, 253, 9, 71, '2006-3'
355, 253, 4, 53, '2010-6'
356, 250, 8, 114, '2003-7'
357, 250, 5, 53, '2014-8'
358, 251, 9, 84, '2004-12'
359, 248, 3, 46, '2002-8'
360, 248, 3, 71, '2011-2'
361, 249, 1, 68, '2009-2'
362, 246, 10, 40, '2009-9'
363, 247, 6, 110, '2013-7'
364, 247, 10, 77, '2001-8'
365, 244, 3, 93, '2012-8'
366, 244, 7, 51, '2010-12'
367, 245, 8, 49, '2010-12'
368, 245, 10, 87, '2013-3'
369, 242, 1, 78, '2005-9'
370, 243, 5, 106, '2002-11'
371, 240, 6, 62, '2002-3'
372, 241, 5, 119, '2001-8'
373, 275, 10, 58, '2000-5'
374, 275, 6, 90, '2014-2'
375, 274, 1, 113, '2002-5'
376, 273, 6, 118, '2002-6'
377, 272, 8, 53, '2002-7'
378, 272, 8, 72, '2013-2'
379, 279, 1, 84, '2003-6'
380, 279, 10, 61, '2006-12'
381, 278, 6, 54, '2005-5'
382, 277, 7, 58, '2004-11'
383, 277, 4, 78, '2011-3'
384, 276, 9, 60, '2006-3'
385, 276, 2, 97, '2007-4'
386, 283, 2, 46, '2000-11'
387, 283, 3, 113, '2011-4'
388, 282, 1, 113, '2014-11'
389, 281, 5, 89, '2004-9'
390, 281, 8, 76, '2001-4'
391, 280, 10, 94, '2014-12'
392, 280, 8, 119, '2004-7'
393, 287, 4, 90, '2012-5'
394, 286, 4, 95, '2010-4'
395, 286, 9, 90, '2006-8'
396, 285, 8, 74, '2002-3'
397, 284, 1, 46, '2011-10'
398, 258, 6, 117, '2002-11'
399, 259, 6, 109, '2014-8'
400, 256, 6, 45, '2005-11'
401, 257, 10, 51, '2003-6'
402, 257, 7, 109, '2005-10'
403, 262, 3, 86, '2007-6'
404, 262, 6, 79, '2003-11'
405, 263, 1, 50, '2007-9'
406, 263, 8, 112, '2011-3'
407, 260, 4, 90, '2000-7'
408, 260, 2, 91, '2007-8'
409, 261, 1, 64, '2001-1'
410, 266, 1, 70, '2009-10'
411, 267, 4, 50, '2014-10'
412, 267, 8, 94, '2013-9'
413, 264, 4, 45, '2013-2'
414, 265, 4, 101, '2013-7'
415, 270, 7, 98, '2011-1'
416, 271, 8, 89, '2011-6'
417, 271, 2, 78, '2011-8'
418, 268, 7, 50, '2006-1'
419, 269, 9, 52, '2001-12'
420, 305, 1, 95, '2005-10'
421, 304, 7, 78, '2000-12'
422, 307, 2, 115, '2011-11'
423, 306, 9, 49, '2003-6'
424, 309, 2, 83, '2008-6'
425, 308, 3, 61, '2003-7'
426, 311, 10, 104, '2010-6'
427, 310, 10, 42, '2004-10'
428, 313, 6, 51, '2003-8'
429, 313, 6, 95, '2007-10'
430, 312, 4, 68, '2001-4'
431, 312, 9, 42, '2008-10'
432, 315, 7, 112, '2009-10'
433, 315, 5, 72, '2001-7'
434, 314, 8, 66, '2014-4'
435, 317, 9, 64, '2002-7'
436, 317, 9, 90, '2000-8'
437, 316, 5, 43, '2001-9'
438, 316, 2, 41, '2007-10'
439, 319, 5, 59, '2014-2'
440, 318, 10, 71, '2002-10'
441, 288, 4, 115, '2003-3'
442, 289, 8, 96, '2011-6'
443, 289, 2, 59, '2008-3'
444, 290, 6, 61, '2000-9'
445, 291, 8, 64, '2013-8'
446, 292, 8, 54, '2003-1'
447, 292, 4, 117, '2008-12'
448, 293, 1, 80, '2007-10'
449, 293, 1, 72, '2012-11'
450, 294, 8, 67, '2013-12'
451, 295, 1, 51, '2008-5'
452, 296, 10, 77, '2013-5'
453, 297, 4, 75, '2007-6'
454, 298, 3, 97, '2013-6'
455, 299, 1, 88, '2014-6'
456, 299, 8, 100, '2003-8'
457, 300, 5, 42, '2009-3'
458, 300, 7, 81, '2014-1'
459, 301, 10, 62, '2001-11'
460, 301, 4, 57, '2007-5'
461, 302, 4, 73, '2008-3'
462, 303, 10, 86, '2009-9'
463, 303, 6, 63, '2014-3'
464, 343, 6, 66, '2010-8'
465, 343, 8, 84, '2001-4'
466, 342, 6, 40, '2000-1'
467, 341, 5, 99, '2002-8'
468, 341, 6, 90, '2013-6'
469, 340, 7, 60, '2003-6'
470, 340, 2, 79, '2004-3'
471, 339, 6, 80, '2012-4'
472, 338, 9, 50, '2003-12'
473, 337, 3, 101, '2007-3'
474, 337, 6, 99, '2013-10'
475, 336, 4, 97, '2009-1'
476, 351, 3, 56, '2008-12'
477, 351, 3, 68, '2009-11'
478, 350, 8, 107, '2007-3'
479, 349, 2, 105, '2004-11'
480, 348, 4, 51, '2009-3'
481, 348, 1, 82, '2008-4'
482, 347, 2, 74, '2005-9'
483, 347, 3, 90, '2011-3'
484, 346, 9, 87, '2005-11'
485, 346, 6, 51, '2009-6'
486, 345, 5, 106, '2010-10'
487, 344, 1, 110, '2011-4'
488, 344, 10, 107, '2004-4'
489, 326, 7, 79, '2014-3'
490, 326, 2, 91, '2008-8'
491, 327, 7, 53, '2007-10'
492, 324, 1, 103, '2014-2'
493, 325, 7, 55, '2005-10'
494, 325, 10, 96, '2011-12'
495, 322, 9, 73, '2008-6'
496, 323, 9, 45, '2002-5'
497, 320, 9, 87, '2010-6'
498, 320, 4, 73, '2014-2'
499, 321, 9, 82, '2009-5'
500, 334, 10, 55, '2012-10'
501, 335, 8, 57, '2007-11'
502, 332, 8, 63, '2010-10'
503, 332, 9, 61, '2012-10'
504, 333, 7, 83, '2007-10'
505, 333, 6, 55, '2014-4'
506, 330, 10, 73, '2000-11'
507, 330, 6, 79, '2007-11'
508, 331, 9, 68, '2004-6'
509, 331, 8, 102, '2014-12'
510, 328, 6, 48, '2014-7'
511, 329, 6, 58, '2010-12'
512, 373, 7, 58, '2011-10'
513, 373, 7, 85, '2011-10'
514, 372, 9, 46, '2003-11'
515, 375, 3, 84, '2009-10'
516, 375, 7, 113, '2004-2'
517, 374, 1, 47, '2009-5'
518, 369, 8, 68, '2006-5'
519, 368, 3, 49, '2014-7'
520, 368, 6, 40, '2007-10'
521, 371, 3, 106, '2007-6'
522, 370, 10, 82, '2007-12'
523, 381, 1, 51, '2005-11'
524, 381, 8, 51, '2006-9'
525, 380, 8, 113, '2014-10'
526, 383, 6, 88, '2014-3'
527, 382, 6, 113, '2004-1'
528, 382, 2, 63, '2014-10'
529, 377, 1, 61, '2002-7'
530, 377, 8, 49, '2011-6'
531, 376, 2, 114, '2014-4'
532, 379, 5, 88, '2007-12'
533, 378, 1, 91, '2007-1'
534, 378, 7, 85, '2011-10'
535, 356, 5, 95, '2001-4'
536, 357, 2, 87, '2008-1'
537, 358, 3, 68, '2002-6'
538, 359, 10, 119, '2011-9'
539, 359, 7, 74, '2013-9'
540, 352, 5, 51, '2013-10'
541, 353, 2, 102, '2006-11'
542, 354, 2, 50, '2002-2'
543, 354, 10, 51, '2010-1'
544, 355, 2, 105, '2009-1'
545, 364, 8, 67, '2008-7'
546, 365, 5, 107, '2004-11'
547, 366, 3, 89, '2009-3'
548, 367, 9, 114, '2003-12'
549, 360, 2, 110, '2004-3'
550, 361, 2, 94, '2014-4'
551, 361, 5, 88, '2001-8'
552, 362, 4, 105, '2007-6'
553, 362, 9, 40, '2011-12'
554, 363, 10, 69, '2002-3'
555, 363, 7, 71, '2010-3'
556, 410, 1, 86, '2011-8'
557, 410, 4, 97, '2010-8'
558, 411, 8, 73, '2014-11'
559, 408, 2, 115, '2014-2'
560, 409, 4, 65, '2007-2'
561, 414, 6, 111, '2002-8'
562, 415, 9, 68, '2001-10'
563, 412, 3, 85, '2001-3'
564, 412, 7, 63, '2007-7'
565, 413, 9, 57, '2007-3'
566, 413, 5, 74, '2000-9'
567, 402, 7, 113, '2012-1'
568, 403, 2, 111, '2000-7'
569, 400, 6, 94, '2011-1'
570, 400, 7, 83, '2009-2'
571, 401, 10, 81, '2000-7'
572, 401, 2, 83, '2006-1'
573, 406, 8, 90, '2012-7'
574, 406, 5, 76, '2003-4'
575, 407, 4, 52, '2012-7'
576, 407, 7, 55, '2011-10'
577, 404, 6, 50, '2000-2'
578, 405, 5, 46, '2009-4'
579, 405, 3, 93, '2006-5'
580, 395, 7, 56, '2005-1'
581, 395, 8, 79, '2011-3'
582, 394, 6, 60, '2002-7'
583, 393, 6, 92, '2013-3'
584, 392, 10, 85, '2012-8'
585, 399, 7, 67, '2003-9'
586, 398, 1, 89, '2005-4'
587, 398, 2, 116, '2009-1'
588, 397, 1, 84, '2011-7'
589, 397, 4, 82, '2005-3'
590, 396, 4, 41, '2013-8'
591, 396, 4, 64, '2010-6'
592, 387, 3, 102, '2004-5'
593, 386, 1, 80, '2002-9'
594, 385, 1, 99, '2012-5'
595, 385, 4, 46, '2003-5'
596, 384, 6, 93, '2013-4'
597, 391, 6, 95, '2013-6'
598, 391, 5, 51, '2003-1'
599, 390, 9, 80, '2002-6'
600, 389, 5, 42, '2003-6'
601, 389, 9, 76, '2003-9'
602, 388, 2, 108, '2006-8'
603, 440, 7, 98, '2010-1'
604, 441, 1, 99, '2006-6'
605, 442, 1, 111, '2003-8'
606, 443, 8, 81, '2001-9'
607, 443, 2, 97, '2014-6'
608, 444, 3, 72, '2002-4'
609, 444, 5, 95, '2003-11'
610, 445, 3, 75, '2013-6'
611, 445, 1, 80, '2014-4'
612, 446, 6, 113, '2012-6'
613, 447, 10, 88, '2014-2'
614, 432, 4, 92, '2001-6'
615, 432, 7, 58, '2007-12'
616, 433, 7, 47, '2009-12'
617, 433, 3, 43, '2003-5'
618, 434, 2, 62, '2003-8'
619, 434, 5, 90, '2013-5'
620, 435, 5, 111, '2009-12'
621, 436, 2, 100, '2011-1'
622, 437, 1, 106, '2009-2'
623, 438, 3, 41, '2005-8'
624, 439, 7, 99, '2005-7'
625, 439, 2, 81, '2005-11'
626, 425, 10, 49, '2006-4'
627, 425, 6, 69, '2009-2'
628, 424, 9, 114, '2013-11'
629, 427, 9, 118, '2013-10'
630, 426, 4, 103, '2004-3'
631, 426, 1, 92, '2006-3'
632, 429, 6, 119, '2004-5'
633, 429, 6, 107, '2000-6'
634, 428, 4, 96, '2004-7'
635, 428, 10, 99, '2004-8'
636, 431, 4, 117, '2007-2'
637, 430, 2, 100, '2013-12'
638, 417, 9, 107, '2002-5'
639, 417, 2, 48, '2006-6'
640, 416, 5, 88, '2007-3'
641, 419, 7, 70, '2001-10'
642, 419, 10, 117, '2004-2'
643, 418, 10, 60, '2003-12'
644, 421, 7, 60, '2010-11'
645, 420, 5, 118, '2014-11'
646, 423, 10, 51, '2013-5'
647, 423, 7, 50, '2002-6'
648, 422, 1, 81, '2003-3'
649, 478, 2, 62, '2010-12'
650, 479, 5, 77, '2005-6'
651, 479, 4, 118, '2004-7'
652, 476, 2, 66, '2014-9'
653, 476, 9, 106, '2011-10'
654, 477, 9, 98, '2003-9'
655, 477, 8, 67, '2012-6'
656, 474, 6, 76, '2014-4'
657, 475, 3, 40, '2001-4'
658, 475, 7, 117, '2003-6'
659, 472, 5, 115, '2000-11'
660, 473, 9, 81, '2007-3'
661, 473, 4, 48, '2003-10'
662, 470, 3, 101, '2004-12'
663, 470, 8, 113, '2001-8'
664, 471, 2, 69, '2001-8'
665, 471, 5, 41, '2006-12'
666, 468, 10, 70, '2001-6'
667, 469, 8, 53, '2010-3'
668, 466, 1, 93, '2014-5'
669, 466, 10, 119, '2014-4'
670, 467, 3, 91, '2000-4'
671, 467, 1, 90, '2007-2'
672, 464, 5, 108, '2005-3'
673, 464, 10, 87, '2003-3'
674, 465, 6, 107, '2004-11'
675, 465, 9, 111, '2006-6'
676, 463, 2, 79, '2003-12'
677, 463, 10, 50, '2005-7'
678, 462, 8, 85, '2010-7'
679, 461, 3, 97, '2014-6'
680, 461, 8, 98, '2014-11'
681, 460, 5, 65, '2002-2'
682, 460, 1, 74, '2013-7'
683, 459, 7, 94, '2003-8'
684, 459, 2, 51, '2007-10'
685, 458, 7, 62, '2007-11'
686, 457, 4, 99, '2001-9'
687, 456, 8, 83, '2006-6'
688, 456, 5, 73, '2001-8'
689, 455, 6, 101, '2004-10'
690, 455, 2, 69, '2008-3'
691, 454, 6, 115, '2012-3'
692, 453, 3, 44, '2010-5'
693, 452, 8, 119, '2011-2'
694, 452, 7, 63, '2006-2'
695, 451, 1, 43, '2006-9'
696, 450, 9, 56, '2002-7'
697, 450, 6, 107, '2002-7'
698, 449, 2, 98, '2011-5'
699, 448, 10, 48, '2001-7'
700, 508, 6, 45, '2005-3'
701, 509, 4, 98, '2011-6'
702, 510, 5, 61, '2010-2'
703, 510, 5, 81, '2010-11'
704, 511, 6, 42, '2006-9'
705, 504, 4, 66, '2009-6'
706, 504, 2, 44, '2005-9'
707, 505, 2, 44, '2001-9'
708, 505, 4, 115, '2000-4'
709, 506, 6, 44, '2013-5'
710, 507, 3, 79, '2000-10'
711, 500, 10, 64, '2002-4'
712, 501, 1, 86, '2011-10'
713, 501, 10, 74, '2000-3'
714, 502, 5, 110, '2003-6'
715, 502, 1, 105, '2009-3'
716, 503, 2, 89, '2012-8'
717, 496, 4, 99, '2009-11'
718, 497, 2, 52, '2011-9'
719, 498, 4, 91, '2004-5'
720, 499, 10, 117, '2006-8'
721, 499, 5, 101, '2009-3'
722, 493, 4, 85, '2008-8'
723, 493, 5, 62, '2012-6'
724, 492, 9, 56, '2006-12'
725, 495, 1, 120, '2009-7'
726, 494, 4, 45, '2005-2'
727, 489, 4, 116, '2003-9'
728, 488, 9, 71, '2005-11'
729, 488, 8, 72, '2010-3'
730, 491, 7, 108, '2011-1'
731, 491, 4, 120, '2006-2'
732, 490, 2, 115, '2005-7'
733, 485, 3, 97, '2005-6'
734, 485, 7, 76, '2014-2'
735, 484, 9, 102, '2008-1'
736, 484, 9, 106, '2005-7'
737, 487, 5, 86, '2011-2'
738, 486, 5, 85, '2009-1'
739, 481, 5, 99, '2009-10'
740, 481, 2, 71, '2007-12'
741, 480, 10, 76, '2003-9'
742, 480, 7, 99, '2002-12'
743, 483, 2, 45, '2013-4'
744, 482, 2, 96, '2002-3'
745, 550, 8, 74, '2011-7'
746, 551, 1, 85, '2006-3'
747, 548, 7, 92, '2010-8'
748, 549, 9, 104, '2004-3'
749, 546, 3, 115, '2000-3'
750, 547, 10, 44, '2002-11'
751, 547, 3, 53, '2003-3'
752, 544, 9, 61, '2011-10'
753, 545, 7, 100, '2000-12'
754, 558, 9, 55, '2008-12'
755, 559, 8, 53, '2012-9'
756, 559, 10, 111, '2010-6'
757, 556, 6, 99, '2006-1'
758, 557, 1, 96, '2001-12'
759, 554, 3, 102, '2003-5'
760, 554, 4, 92, '2008-2'
761, 555, 9, 43, '2000-8'
762, 555, 6, 71, '2000-5'
763, 552, 9, 74, '2005-10'
764, 553, 5, 69, '2000-9'
765, 553, 8, 42, '2006-3'
766, 567, 6, 59, '2002-2'
767, 566, 9, 98, '2009-12'
768, 566, 7, 117, '2011-11'
769, 565, 9, 67, '2008-5'
770, 565, 9, 73, '2008-2'
771, 564, 3, 103, '2000-3'
772, 564, 4, 81, '2012-8'
773, 563, 9, 84, '2004-1'
774, 562, 9, 103, '2012-3'
775, 561, 9, 49, '2014-2'
776, 560, 9, 48, '2006-2'
777, 560, 9, 119, '2005-2'
778, 575, 6, 40, '2002-7'
779, 574, 3, 104, '2009-8'
780, 573, 9, 46, '2001-7'
781, 573, 6, 62, '2013-11'
782, 572, 10, 42, '2008-6'
783, 571, 10, 67, '2001-4'
784, 570, 5, 64, '2005-12'
785, 569, 6, 96, '2005-2'
786, 569, 4, 112, '2007-11'
787, 568, 9, 105, '2008-2'
788, 516, 7, 103, '2012-12'
789, 516, 6, 41, '2003-11'
790, 517, 6, 90, '2010-8'
791, 517, 10, 104, '2013-9'
792, 518, 6, 90, '2007-6'
793, 519, 10, 98, '2000-2'
794, 519, 4, 99, '2009-9'
795, 512, 8, 69, '2011-2'
796, 512, 9, 107, '2011-7'
797, 513, 2, 76, '2005-2'
798, 514, 4, 83, '2012-12'
799, 515, 7, 83, '2007-3'
800, 524, 4, 64, '2001-12'
801, 524, 10, 75, '2006-2'
802, 525, 9, 40, '2007-1'
803, 525, 9, 66, '2000-10'
804, 526, 3, 60, '2000-11'
805, 526, 9, 56, '2008-11'
806, 527, 2, 72, '2010-9'
807, 520, 9, 58, '2012-5'
808, 521, 9, 79, '2000-4'
809, 522, 4, 107, '2012-12'
810, 522, 10, 52, '2006-5'
811, 523, 7, 111, '2012-6'
812, 533, 3, 74, '2009-11'
813, 532, 1, 72, '2001-10'
814, 532, 1, 52, '2000-9'
815, 535, 2, 60, '2011-11'
816, 535, 10, 79, '2000-5'
817, 534, 5, 87, '2009-4'
818, 534, 8, 102, '2012-6'
819, 529, 1, 91, '2004-3'
820, 529, 4, 119, '2013-5'
821, 528, 8, 76, '2014-5'
822, 531, 5, 113, '2013-6'
823, 530, 10, 44, '2014-9'
824, 530, 10, 88, '2008-10'
825, 541, 9, 106, '2008-5'
826, 541, 10, 68, '2010-2'
827, 540, 1, 108, '2014-7'
828, 543, 5, 58, '2014-3'
829, 542, 8, 105, '2005-11'
830, 542, 4, 73, '2000-6'
831, 537, 10, 50, '2009-12'
832, 537, 10, 113, '2009-6'
833, 536, 5, 42, '2010-2'
834, 536, 6, 43, '2006-1'
835, 539, 2, 100, '2002-10'
836, 538, 4, 52, '2006-10'
837, 610, 3, 50, '2004-3'
838, 611, 7, 97, '2003-7'
839, 611, 4, 41, '2009-6'
840, 608, 10, 63, '2001-11'
841, 609, 1, 112, '2010-6'
842, 609, 7, 62, '2002-2'
843, 614, 8, 116, '2011-10'
844, 615, 10, 81, '2008-8'
845, 615, 5, 87, '2003-9'
846, 612, 6, 99, '2002-5'
847, 613, 1, 111, '2000-1'
848, 613, 4, 90, '2005-5'
849, 618, 8, 109, '2011-5'
850, 618, 1, 88, '2005-5'
851, 619, 7, 85, '2002-4'
852, 616, 6, 44, '2005-11'
853, 617, 5, 98, '2011-4'
854, 617, 4, 44, '2008-5'
855, 622, 6, 52, '2001-1'
856, 622, 8, 120, '2003-6'
857, 623, 3, 66, '2006-2'
858, 620, 4, 120, '2000-12'
859, 621, 10, 106, '2007-12'
860, 621, 2, 46, '2000-1'
861, 627, 8, 92, '2009-8'
862, 627, 9, 100, '2013-10'
863, 626, 6, 72, '2002-5'
864, 625, 9, 79, '2003-1'
865, 624, 7, 115, '2001-11'
866, 624, 9, 51, '2000-11'
867, 631, 8, 109, '2014-8'
868, 631, 1, 116, '2014-12'
869, 630, 3, 63, '2003-2'
870, 629, 7, 51, '2001-10'
871, 629, 2, 119, '2007-1'
872, 628, 10, 65, '2003-5'
873, 628, 1, 47, '2010-2'
874, 635, 1, 60, '2014-1'
875, 634, 1, 83, '2001-4'
876, 633, 6, 45, '2006-6'
877, 632, 1, 50, '2007-3'
878, 639, 10, 97, '2013-7'
879, 639, 10, 118, '2008-2'
880, 638, 8, 120, '2001-4'
881, 638, 3, 93, '2000-7'
882, 637, 2, 58, '2008-2'
883, 637, 10, 42, '2010-3'
884, 636, 8, 46, '2012-3'
885, 576, 6, 41, '2006-4'
886, 576, 2, 63, '2011-11'
887, 577, 2, 86, '2004-8'
888, 577, 7, 85, '2009-6'
889, 578, 8, 99, '2008-7'
890, 579, 7, 51, '2008-9'
891, 580, 2, 103, '2014-9'
892, 581, 3, 84, '2007-11'
893, 581, 7, 86, '2008-4'
894, 582, 2, 78, '2001-9'
895, 582, 4, 46, '2008-11'
896, 583, 10, 97, '2003-1'
897, 584, 10, 86, '2008-6'
898, 584, 9, 73, '2000-6'
899, 585, 5, 120, '2002-3'
900, 585, 1, 59, '2007-6'
901, 586, 8, 111, '2001-3'
902, 586, 8, 114, '2014-8'
903, 587, 1, 103, '2004-6'
904, 587, 4, 99, '2009-12'
905, 588, 8, 112, '2001-5'
906, 589, 4, 99, '2008-11'
907, 589, 10, 90, '2007-9'
908, 590, 6, 56, '2002-12'
909, 590, 2, 110, '2002-4'
910, 591, 2, 110, '2005-5'
911, 593, 5, 89, '2007-2'
912, 592, 2, 96, '2007-7'
913, 592, 4, 104, '2002-12'
914, 595, 8, 48, '2006-12'
915, 595, 9, 82, '2012-2'
916, 594, 5, 79, '2003-4'
917, 597, 4, 110, '2004-8'
918, 597, 7, 66, '2011-2'
919, 596, 8, 72, '2006-11'
920, 599, 7, 53, '2006-10'
921, 598, 6, 51, '2001-1'
922, 598, 8, 108, '2003-7'
923, 601, 10, 105, '2007-10'
924, 601, 9, 67, '2000-11'
925, 600, 1, 114, '2013-9'
926, 603, 9, 104, '2000-7'
927, 603, 3, 84, '2005-9'
928, 602, 10, 61, '2012-7'
929, 605, 9, 71, '2000-7'
930, 604, 7, 110, '2005-2'
931, 607, 2, 88, '2003-3'
932, 607, 1, 60, '2003-4'
933, 606, 2, 64, '2000-3'
934, 606, 1, 99, '2013-5'
935, 687, 2, 64, '2006-12'
936, 686, 8, 52, '2001-6'
937, 686, 8, 88, '2003-7'
938, 685, 1, 88, '2010-10'
939, 685, 6, 86, '2003-8'
940, 684, 9, 56, '2014-3'
941, 684, 1, 76, '2008-10'
942, 683, 4, 41, '2014-12'
943, 682, 6, 117, '2011-5'
944, 682, 8, 73, '2012-12'
945, 681, 6, 111, '2008-10'
946, 681, 6, 118, '2004-4'
947, 680, 10, 52, '2008-4'
948, 680, 5, 51, '2009-8'
949, 679, 4, 105, '2004-1'
950, 678, 4, 70, '2009-12'
951, 677, 9, 43, '2013-6'
952, 676, 6, 106, '2000-11'
953, 675, 1, 80, '2004-4'
954, 675, 2, 90, '2014-6'
955, 674, 4, 50, '2006-4'
956, 674, 8, 112, '2007-6'
957, 673, 10, 58, '2005-11'
958, 673, 1, 62, '2012-12'
959, 672, 5, 66, '2005-5'
960, 702, 4, 70, '2002-10'
961, 703, 10, 110, '2012-2'
962, 700, 5, 92, '2005-4'
963, 701, 2, 102, '2014-12'
964, 698, 3, 103, '2005-1'
965, 698, 8, 47, '2006-10'
966, 699, 10, 64, '2014-3'
967, 699, 9, 63, '2007-12'
968, 696, 6, 81, '2009-2'
969, 697, 5, 73, '2011-9'
970, 694, 6, 49, '2008-5'
971, 695, 10, 42, '2008-5'
972, 692, 3, 70, '2002-6'
973, 692, 9, 108, '2009-2'
974, 693, 7, 106, '2012-4'
975, 690, 10, 65, '2002-2'
976, 690, 1, 91, '2009-1'
977, 691, 5, 79, '2014-12'
978, 691, 3, 111, '2009-12'
979, 688, 4, 43, '2009-6'
980, 689, 6, 99, '2000-4'
981, 653, 1, 77, '2008-2'
982, 652, 2, 67, '2009-11'
983, 652, 3, 70, '2011-9'
984, 655, 2, 115, '2013-11'
985, 654, 1, 87, '2013-5'
986, 654, 2, 101, '2000-5'
987, 649, 10, 96, '2009-10'
988, 649, 10, 74, '2008-11'
989, 648, 1, 41, '2011-3'
990, 648, 8, 76, '2001-8'
991, 651, 4, 114, '2001-9'
992, 651, 10, 83, '2003-9'
993, 650, 5, 40, '2001-7'
994, 645, 8, 52, '2008-3'
995, 644, 5, 63, '2010-10'
996, 644, 4, 45, '2004-11'
997, 647, 8, 54, '2006-7'
998, 646, 3, 112, '2008-9'
999, 646, 4, 42, '2002-7'
1000, 641, 1, 52, '2013-5'
1001, 640, 9, 92, '2013-5'
1002, 640, 8, 68, '2003-5'
1003, 643, 10, 74, '2011-9'
1004, 643, 9, 103, '2006-2'
1005, 642, 9, 110, '2004-3'
1006, 668, 5, 95, '2001-1'
1007, 669, 7, 72, '2014-10'
1008, 670, 1, 73, '2011-1'
1009, 671, 4, 43, '2000-5'
1010, 671, 10, 106, '2005-8'
1011, 664, 3, 81, '2003-11'
1012, 665, 6, 60, '2004-7'
1013, 665, 8, 70, '2009-8'
1014, 666, 8, 106, '2002-12'
1015, 667, 2, 54, '2009-7'
1016, 660, 3, 47, '2014-4'
1017, 660, 6, 74, '2014-2'
1018, 661, 9, 43, '2003-4'
1019, 661, 3, 117, '2002-8'
1020, 662, 10, 93, '2013-11'
1021, 662, 10, 52, '2013-5'
1022, 663, 4, 74, '2007-11'
1023, 656, 8, 89, '2011-6'
1024, 656, 1, 103, '2004-2'
1025, 657, 5, 90, '2009-3'
1026, 658, 3, 114, '2005-8'
1027, 658, 10, 76, '2011-10'
1028, 659, 5, 105, '2011-11'
1029, 747, 2, 79, '2002-6'
1030, 746, 6, 59, '2014-3'
1031, 746, 10, 82, '2010-10'
1032, 745, 1, 60, '2004-5'
1033, 745, 4, 105, '2004-12'
1034, 744, 10, 58, '2009-8'
1035, 751, 3, 65, '2011-3'
1036, 751, 4, 118, '2013-11'
1037, 750, 5, 99, '2011-2'
1038, 749, 8, 119, '2012-2'
1039, 748, 4, 65, '2001-9'
1040, 748, 6, 93, '2004-12'
1041, 739, 4, 87, '2003-3'
1042, 738, 8, 108, '2001-6'
1043, 738, 8, 104, '2006-7'
1044, 737, 2, 56, '2004-11'
1045, 736, 4, 80, '2008-2'
1046, 743, 1, 59, '2013-11'
1047, 742, 4, 116, '2000-1'
1048, 741, 8, 44, '2004-1'
1049, 741, 10, 104, '2005-12'
1050, 740, 6, 53, '2007-4'
1051, 740, 8, 101, '2010-10'
1052, 762, 5, 101, '2006-10'
1053, 762, 5, 66, '2012-12'
1054, 763, 5, 56, '2008-9'
1055, 763, 6, 57, '2008-12'
1056, 760, 8, 93, '2006-1'
1057, 760, 8, 80, '2006-8'
1058, 761, 7, 88, '2013-2'
1059, 761, 7, 107, '2004-12'
1060, 766, 5, 115, '2002-4'
1061, 766, 5, 85, '2000-8'
1062, 767, 10, 93, '2013-4'
1063, 767, 9, 43, '2009-8'
1064, 764, 10, 97, '2007-12'
1065, 764, 8, 52, '2005-3'
1066, 765, 5, 114, '2004-2'
1067, 754, 9, 51, '2001-3'
1068, 755, 4, 115, '2013-1'
1069, 752, 6, 90, '2004-6'
1070, 753, 4, 80, '2008-9'
1071, 758, 2, 45, '2000-11'
1072, 758, 4, 90, '2012-6'
1073, 759, 7, 59, '2007-9'
1074, 759, 3, 67, '2005-5'
1075, 756, 6, 118, '2002-6'
1076, 757, 6, 90, '2003-5'
1077, 757, 9, 50, '2005-9'
1078, 713, 7, 73, '2014-8'
1079, 712, 3, 106, '2002-3'
1080, 712, 8, 76, '2004-2'
1081, 715, 5, 65, '2014-12'
1082, 714, 5, 44, '2012-8'
1083, 714, 4, 49, '2004-1'
1084, 717, 8, 79, '2001-11'
1085, 717, 1, 111, '2011-12'
1086, 716, 1, 61, '2009-10'
1087, 719, 7, 108, '2001-2'
1088, 718, 7, 83, '2003-12'
1089, 705, 1, 102, '2013-11'
1090, 705, 1, 118, '2004-9'
1091, 704, 6, 75, '2004-10'
1092, 707, 6, 66, '2004-8'
1093, 707, 7, 116, '2008-1'
1094, 706, 1, 59, '2007-10'
1095, 706, 7, 71, '2011-3'
1096, 709, 1, 81, '2013-8'
1097, 708, 1, 94, '2002-8'
1098, 708, 8, 97, '2000-6'
1099, 711, 8, 89, '2006-1'
1100, 710, 10, 49, '2013-3'
1101, 710, 6, 85, '2009-8'
1102, 728, 4, 54, '2000-1'
1103, 729, 8, 80, '2008-7'
1104, 729, 10, 49, '2003-12'
1105, 730, 1, 77, '2000-7'
1106, 730, 6, 66, '2007-6'
1107, 731, 3, 88, '2014-12'
1108, 732, 8, 97, '2006-12'
1109, 733, 8, 100, '2004-8'
1110, 734, 3, 53, '2008-7'
1111, 734, 5, 59, '2007-5'
1112, 735, 1, 49, '2000-8'
1113, 735, 3, 65, '2001-8'
1114, 720, 1, 68, '2002-9'
1115, 721, 3, 109, '2012-8'
1116, 721, 2, 92, '2002-11'
1117, 722, 1, 92, '2002-6'
1118, 722, 5, 117, '2001-5'
1119, 723, 5, 118, '2002-10'
1120, 724, 8, 82, '2013-4'
1121, 724, 8, 49, '2007-8'
1122, 725, 1, 48, '2007-2'
1123, 725, 9, 104, '2013-6'
1124, 726, 7, 60, '2010-4'
1125, 727, 10, 50, '2014-8'
1126, 821, 7, 52, '2004-3'
1127, 820, 6, 64, '2010-12'
1128, 820, 10, 86, '2006-3'
1129, 823, 1, 40, '2000-1'
1130, 822, 3, 109, '2003-8'
1131, 817, 6, 49, '2007-2'
1132, 816, 5, 89, '2001-5'
1133, 819, 4, 72, '2012-3'
1134, 819, 10, 88, '2001-5'
1135, 818, 1, 84, '2013-2'
1136, 818, 9, 111, '2013-4'
1137, 829, 4, 107, '2003-1'
1138, 829, 2, 72, '2002-7'
1139, 828, 10, 62, '2004-10'
1140, 828, 7, 61, '2010-1'
1141, 831, 5, 48, '2002-8'
1142, 830, 1, 101, '2000-4'
1143, 825, 6, 66, '2010-10'
1144, 825, 9, 98, '2001-5'
1145, 824, 2, 89, '2011-2'
1146, 827, 3, 42, '2004-6'
1147, 827, 5, 50, '2009-11'
1148, 826, 3, 67, '2005-1'
1149, 804, 8, 109, '2003-10'
1150, 804, 9, 59, '2012-3'
1151, 805, 4, 53, '2006-2'
1152, 805, 5, 80, '2013-6'
1153, 806, 1, 77, '2005-4'
1154, 806, 6, 48, '2004-8'
1155, 807, 8, 119, '2000-3'
1156, 800, 9, 120, '2000-3'
1157, 801, 7, 44, '2010-10'
1158, 801, 8, 59, '2005-5'
1159, 802, 2, 75, '2004-3'
1160, 803, 7, 49, '2000-4'
1161, 803, 4, 113, '2006-8'
1162, 812, 5, 110, '2013-9'
1163, 813, 7, 43, '2011-5'
1164, 814, 6, 55, '2008-1'
1165, 815, 4, 102, '2009-9'
1166, 815, 5, 110, '2007-7'
1167, 808, 4, 114, '2013-8'
1168, 808, 10, 68, '2008-8'
1169, 809, 2, 85, '2000-6'
1170, 810, 1, 67, '2011-8'
1171, 811, 7, 97, '2006-3'
1172, 791, 2, 111, '2011-12'
1173, 790, 7, 90, '2008-1'
1174, 790, 3, 82, '2000-11'
1175, 789, 6, 70, '2003-12'
1176, 788, 2, 79, '2005-3'
1177, 788, 6, 117, '2014-8'
1178, 787, 7, 79, '2004-7'
1179, 786, 2, 73, '2001-7'
1180, 785, 8, 40, '2003-3'
1181, 784, 9, 60, '2010-7'
1182, 799, 3, 72, '2004-5'
1183, 798, 4, 109, '2013-11'
1184, 797, 4, 71, '2013-1'
1185, 797, 2, 71, '2006-5'
1186, 796, 5, 68, '2007-8'
1187, 795, 1, 105, '2012-1'
1188, 795, 8, 71, '2001-6'
1189, 794, 5, 47, '2006-2'
1190, 793, 2, 117, '2011-10'
1191, 793, 3, 112, '2005-8'
1192, 792, 6, 60, '2006-3'
1193, 774, 4, 104, '2009-7'
1194, 774, 7, 48, '2008-8'
1195, 775, 1, 101, '2009-2'
1196, 775, 1, 97, '2011-5'
1197, 772, 7, 103, '2012-6'
1198, 773, 6, 120, '2010-1'
1199, 773, 3, 41, '2009-5'
1200, 770, 5, 85, '2002-7'
1201, 771, 3, 76, '2004-4'
1202, 768, 4, 103, '2008-7'
1203, 769, 1, 58, '2003-12'
1204, 769, 10, 70, '2003-12'
1205, 782, 8, 89, '2003-5'
1206, 783, 8, 82, '2014-12'
1207, 780, 3, 46, '2006-9'
1208, 780, 4, 42, '2003-12'
1209, 781, 7, 82, '2005-12'
1210, 781, 10, 56, '2011-1'
1211, 778, 2, 59, '2005-11'
1212, 778, 4, 106, '2009-3'
1213, 779, 3, 78, '2014-2'
1214, 779, 3, 83, '2010-9'
1215, 776, 2, 105, '2007-12'
1216, 776, 4, 70, '2002-5'
1217, 777, 5, 117, '2006-9'
1218, 881, 7, 95, '2001-1'
1219, 880, 2, 75, '2005-9'
1220, 883, 5, 51, '2004-1'
1221, 882, 10, 100, '2002-12'
1222, 882, 8, 114, '2011-7'
1223, 885, 10, 104, '2005-11'
1224, 885, 5, 112, '2014-1'
1225, 884, 9, 116, '2007-12'
1226, 887, 8, 70, '2011-1'
1227, 886, 7, 57, '2008-5'
1228, 889, 5, 93, '2011-10'
1229, 889, 9, 81, '2013-3'
1230, 888, 6, 41, '2009-4'
1231, 891, 6, 79, '2011-1'
1232, 891, 6, 119, '2009-5'
1233, 890, 7, 111, '2001-10'
1234, 890, 7, 62, '2004-11'
1235, 893, 5, 67, '2004-12'
1236, 892, 1, 55, '2006-10'
1237, 892, 5, 58, '2008-7'
1238, 895, 6, 47, '2014-2'
1239, 895, 9, 79, '2007-2'
1240, 894, 6, 50, '2004-10'
1241, 864, 1, 105, '2008-8'
1242, 864, 5, 99, '2005-11'
1243, 865, 7, 82, '2005-11'
1244, 866, 9, 90, '2011-9'
1245, 866, 9, 115, '2012-10'
1246, 867, 9, 102, '2006-12'
1247, 867, 9, 111, '2004-11'
1248, 868, 3, 112, '2000-2'
1249, 868, 6, 72, '2003-10'
1250, 869, 1, 49, '2009-3'
1251, 870, 9, 120, '2013-5'
1252, 870, 1, 43, '2005-3'
1253, 871, 8, 53, '2003-6'
1254, 871, 4, 67, '2002-8'
1255, 872, 5, 100, '2009-7'
1256, 873, 9, 70, '2011-12'
1257, 873, 1, 117, '2011-5'
1258, 874, 5, 119, '2001-1'
1259, 874, 8, 76, '2007-3'
1260, 875, 1, 86, '2006-11'
1261, 876, 3, 115, '2010-12'
1262, 877, 4, 85, '2001-4'
1263, 877, 5, 116, '2007-7'
1264, 878, 1, 86, '2001-6'
1265, 878, 4, 92, '2000-12'
1266, 879, 4, 114, '2014-5'
1267, 851, 4, 42, '2010-11'
1268, 850, 4, 118, '2012-10'
1269, 850, 3, 108, '2009-1'
1270, 849, 10, 48, '2002-11'
1271, 848, 4, 51, '2006-7'
1272, 855, 10, 112, '2004-8'
1273, 855, 10, 83, '2007-6'
1274, 854, 9, 90, '2005-10'
1275, 854, 10, 106, '2002-7'
1276, 853, 4, 49, '2014-10'
1277, 852, 3, 63, '2006-12'
1278, 852, 4, 66, '2000-6'
1279, 859, 3, 67, '2000-2'
1280, 858, 2, 100, '2008-4'
1281, 858, 9, 86, '2007-2'
1282, 857, 8, 62, '2011-3'
1283, 857, 4, 115, '2010-8'
1284, 856, 4, 56, '2010-1'
1285, 863, 2, 92, '2009-1'
1286, 862, 8, 70, '2012-9'
1287, 862, 6, 99, '2013-1'
1288, 861, 1, 47, '2014-6'
1289, 860, 1, 99, '2010-12'
1290, 834, 4, 86, '2005-4'
1291, 835, 4, 55, '2005-11'
1292, 832, 9, 71, '2002-1'
1293, 832, 5, 87, '2002-8'
1294, 833, 10, 72, '2011-1'
1295, 833, 4, 83, '2014-8'
1296, 838, 9, 116, '2009-2'
1297, 839, 6, 66, '2004-6'
1298, 836, 8, 62, '2000-11'
1299, 837, 7, 78, '2011-1'
1300, 837, 4, 57, '2008-11'
1301, 842, 9, 100, '2002-12'
1302, 843, 7, 64, '2003-9'
1303, 840, 1, 104, '2011-7'
1304, 841, 3, 86, '2011-11'
1305, 841, 1, 106, '2009-9'
1306, 846, 7, 58, '2014-5'
1307, 846, 3, 76, '2013-8'
1308, 847, 4, 98, '2003-10'
1309, 847, 5, 70, '2000-3'
1310, 844, 8, 55, '2009-7'
1311, 845, 10, 89, '2011-10'
1312, 956, 9, 105, '2001-11'
1313, 956, 9, 98, '2002-7'
1314, 957, 8, 96, '2011-8'
1315, 958, 6, 54, '2011-11'
1316, 959, 7, 113, '2004-11'
1317, 952, 10, 71, '2012-12'
1318, 952, 2, 46, '2001-2'
1319, 953, 10, 42, '2004-9'
1320, 954, 7, 60, '2012-6'
1321, 955, 1, 71, '2013-7'
1322, 955, 2, 120, '2003-12'
1323, 948, 9, 73, '2004-6'
1324, 948, 10, 68, '2001-12'
1325, 949, 10, 95, '2012-7'
1326, 949, 9, 49, '2003-7'
1327, 950, 3, 51, '2002-12'
1328, 951, 5, 94, '2010-2'
1329, 951, 8, 115, '2002-4'
1330, 944, 8, 99, '2012-5'
1331, 945, 4, 91, '2014-2'
1332, 945, 1, 59, '2003-2'
1333, 946, 3, 60, '2014-7'
1334, 947, 1, 83, '2011-9'
1335, 941, 10, 89, '2005-3'
1336, 940, 3, 51, '2005-1'
1337, 943, 2, 42, '2007-4'
1338, 943, 10, 111, '2003-8'
1339, 942, 3, 67, '2011-1'
1340, 942, 3, 62, '2012-1'
1341, 937, 6, 54, '2006-12'
1342, 936, 7, 118, '2005-7'
1343, 936, 3, 100, '2013-11'
1344, 939, 4, 64, '2006-12'
1345, 938, 8, 76, '2012-11'
1346, 938, 2, 83, '2007-7'
1347, 933, 9, 100, '2008-8'
1348, 932, 9, 105, '2006-12'
1349, 935, 8, 112, '2008-9'
1350, 935, 6, 63, '2014-6'
1351, 934, 1, 69, '2000-10'
1352, 934, 9, 53, '2000-12'
1353, 929, 10, 90, '2013-9'
1354, 928, 1, 47, '2002-7'
1355, 931, 4, 74, '2000-6'
1356, 930, 2, 120, '2011-11'
1357, 926, 7, 107, '2009-2'
1358, 927, 3, 104, '2003-6'
1359, 924, 6, 103, '2004-11'
1360, 924, 10, 73, '2011-12'
1361, 925, 9, 42, '2001-2'
1362, 925, 6, 102, '2008-6'
1363, 922, 5, 97, '2013-7'
1364, 922, 10, 102, '2004-11'
1365, 923, 9, 118, '2001-10'
1366, 920, 8, 78, '2013-3'
1367, 921, 1, 91, '2014-7'
1368, 921, 4, 92, '2011-12'
1369, 918, 10, 60, '2004-5'
1370, 918, 5, 116, '2000-4'
1371, 919, 3, 92, '2011-6'
1372, 916, 10, 48, '2009-10'
1373, 917, 10, 97, '2003-7'
1374, 914, 7, 62, '2010-10'
1375, 915, 1, 61, '2010-1'
1376, 912, 8, 100, '2009-5'
1377, 913, 5, 50, '2006-12'
1378, 913, 3, 49, '2000-11'
1379, 911, 10, 111, '2004-2'
1380, 910, 6, 76, '2004-1'
1381, 910, 9, 94, '2002-4'
1382, 909, 10, 82, '2012-3'
1383, 908, 9, 115, '2002-2'
1384, 907, 5, 64, '2014-4'
1385, 907, 1, 110, '2008-6'
1386, 906, 5, 48, '2012-1'
1387, 905, 4, 50, '2003-9'
1388, 905, 8, 47, '2007-7'
1389, 904, 3, 114, '2005-1'
1390, 904, 2, 118, '2005-2'
1391, 903, 2, 104, '2012-8'
1392, 903, 1, 88, '2005-10'
1393, 902, 9, 70, '2005-1'
1394, 902, 10, 82, '2007-10'
1395, 901, 4, 102, '2002-7'
1396, 900, 6, 101, '2004-1'
1397, 900, 4, 77, '2002-10'
1398, 899, 1, 73, '2013-3'
1399, 898, 3, 48, '2001-11'
1400, 898, 1, 109, '2004-10'
1401, 897, 8, 95, '2003-3'
1402, 896, 10, 115, '2005-4'
1403, 896, 3, 72, '2000-12'
1404, 1016, 4, 72, '2004-2'
1405, 1017, 1, 60, '2001-6'
1406, 1017, 6, 80, '2011-4'
1407, 1018, 6, 86, '2010-7'
1408, 1019, 9, 60, '2010-12'
1409, 1019, 2, 116, '2000-12'
1410, 1020, 4, 112, '2004-9'
1411, 1021, 4, 62, '2002-1'
1412, 1022, 5, 97, '2001-2'
1413, 1023, 5, 71, '2014-6'
1414, 1008, 8, 94, '2007-8'
1415, 1008, 3, 63, '2006-11'
1416, 1009, 1, 102, '2006-6'
1417, 1009, 6, 64, '2000-5'
1418, 1010, 8, 59, '2010-5'
1419, 1011, 10, 110, '2000-6'
1420, 1011, 1, 92, '2001-12'
1421, 1012, 1, 105, '2002-3'
1422, 1012, 3, 117, '2005-6'
1423, 1013, 5, 69, '2013-9'
1424, 1014, 8, 119, '2013-11'
1425, 1015, 7, 87, '2008-11'
1426, 1001, 8, 42, '2013-6'
1427, 1000, 10, 77, '2005-7'
1428, 1003, 4, 64, '2004-1'
1429, 1002, 9, 89, '2012-11'
1430, 1002, 8, 56, '2006-5'
1431, 1005, 7, 76, '2009-3'
1432, 1004, 10, 72, '2012-5'
1433, 1004, 4, 74, '2008-2'
1434, 1007, 10, 96, '2000-1'
1435, 1006, 9, 64, '2008-10'
1436, 1006, 5, 111, '2006-4'
1437, 993, 8, 99, '2001-4'
1438, 992, 2, 85, '2014-12'
1439, 992, 10, 54, '2004-6'
1440, 995, 1, 76, '2008-4'
1441, 994, 9, 73, '2000-9'
1442, 997, 8, 79, '2013-3'
1443, 997, 5, 59, '2001-9'
1444, 996, 7, 79, '2000-2'
1445, 999, 9, 73, '2014-10'
1446, 999, 7, 68, '2004-12'
1447, 998, 8, 119, '2005-10'
1448, 998, 4, 81, '2011-6'
1449, 986, 8, 120, '2000-4'
1450, 987, 8, 55, '2000-7'
1451, 984, 4, 108, '2000-2'
1452, 984, 2, 68, '2001-1'
1453, 985, 4, 73, '2011-5'
1454, 985, 10, 118, '2000-12'
1455, 990, 3, 75, '2004-8'
1456, 990, 1, 73, '2000-11'
1457, 991, 5, 85, '2014-5'
1458, 988, 2, 95, '2006-1'
1459, 989, 5, 118, '2002-9'
1460, 978, 2, 50, '2014-7'
1461, 979, 10, 112, '2000-4'
1462, 979, 9, 54, '2004-1'
1463, 976, 7, 97, '2006-10'
1464, 976, 5, 118, '2000-4'
1465, 977, 2, 120, '2006-5'
1466, 982, 8, 61, '2005-10'
1467, 982, 4, 64, '2012-4'
1468, 983, 8, 45, '2006-10'
1469, 980, 3, 78, '2005-11'
1470, 980, 6, 52, '2010-4'
1471, 981, 5, 70, '2013-6'
1472, 981, 6, 58, '2007-5'
1473, 971, 3, 40, '2012-1'
1474, 971, 3, 117, '2000-4'
1475, 970, 1, 115, '2014-7'
1476, 970, 3, 88, '2002-10'
1477, 969, 1, 82, '2006-1'
1478, 969, 5, 105, '2005-4'
1479, 968, 6, 83, '2013-7'
1480, 975, 1, 105, '2003-5'
1481, 975, 10, 116, '2000-2'
1482, 974, 10, 66, '2011-4'
1483, 974, 10, 40, '2012-12'
1484, 973, 2, 53, '2001-11'
1485, 972, 9, 43, '2000-2'
1486, 963, 10, 100, '2001-6'
1487, 963, 1, 68, '2007-6'
1488, 962, 2, 90, '2012-2'
1489, 961, 2, 99, '2008-3'
1490, 961, 4, 69, '2000-11'
1491, 960, 8, 120, '2006-11'
1492, 967, 3, 61, '2008-2'
1493, 967, 3, 79, '2012-2'
1494, 966, 4, 48, '2001-11'
1495, 966, 7, 109, '2008-1'
1496, 965, 6, 96, '2002-3'
1497, 965, 10, 76, '2008-6'
1498, 964, 5, 65, '2011-3'
1499, 1100, 9, 116, '2013-10'
1500, 1100, 4, 62, '2009-9'
1501, 1101, 1, 76, '2014-7'
1502, 1102, 6, 78, '2001-10'
1503, 1102, 4, 43, '2010-7'
1504, 1103, 3, 47, '2002-8'
1505, 1103, 4, 93, '2002-3'
1506, 1096, 6, 73, '2004-1'
1507, 1096, 7, 94, '2013-2'
1508, 1097, 7, 82, '2010-10'
1509, 1097, 1, 69, '2000-11'
1510, 1098, 2, 89, '2009-9'
1511, 1099, 9, 94, '2006-1'
1512, 1092, 2, 55, '2003-10'
1513, 1093, 2, 94, '2011-3'
1514, 1093, 2, 95, '2003-7'
1515, 1094, 9, 90, '2006-4'
1516, 1094, 7, 106, '2010-6'
1517, 1095, 4, 61, '2012-11'
1518, 1095, 8, 61, '2013-10'
1519, 1088, 5, 55, '2003-10'
1520, 1089, 7, 112, '2006-9'
1521, 1090, 10, 77, '2012-9'
1522, 1090, 5, 108, '2007-5'
1523, 1091, 3, 49, '2000-5'
1524, 1091, 5, 110, '2008-11'
1525, 1117, 7, 44, '2005-4'
1526, 1117, 5, 64, '2010-11'
1527, 1116, 1, 67, '2002-8'
1528, 1119, 8, 54, '2004-7'
1529, 1118, 9, 118, '2012-8'
1530, 1118, 6, 68, '2014-5'
1531, 1113, 2, 66, '2014-1'
1532, 1112, 1, 100, '2011-8'
1533, 1112, 3, 100, '2001-1'
1534, 1115, 6, 102, '2014-11'
1535, 1115, 6, 94, '2014-12'
1536, 1114, 8, 84, '2004-7'
1537, 1114, 1, 40, '2002-11'
1538, 1109, 2, 64, '2006-4'
1539, 1108, 8, 116, '2005-3'
1540, 1111, 10, 78, '2002-5'
1541, 1111, 2, 109, '2009-11'
1542, 1110, 7, 92, '2008-9'
1543, 1105, 6, 91, '2006-2'
1544, 1105, 7, 65, '2007-9'
1545, 1104, 6, 62, '2009-7'
1546, 1104, 3, 85, '2004-1'
1547, 1107, 6, 40, '2001-2'
1548, 1107, 6, 60, '2003-1'
1549, 1106, 3, 41, '2007-11'
1550, 1106, 9, 104, '2006-6'
1551, 1134, 5, 43, '2006-9'
1552, 1134, 2, 60, '2006-10'
1553, 1135, 4, 108, '2001-7'
1554, 1132, 10, 118, '2012-6'
1555, 1132, 7, 117, '2008-9'
1556, 1133, 9, 75, '2008-2'
1557, 1133, 3, 104, '2007-3'
1558, 1130, 4, 65, '2003-1'
1559, 1131, 6, 80, '2002-3'
1560, 1131, 3, 56, '2010-2'
1561, 1128, 10, 58, '2003-7'
1562, 1129, 1, 68, '2009-4'
1563, 1129, 6, 75, '2001-8'
1564, 1126, 2, 44, '2004-9'
1565, 1126, 6, 82, '2001-9'
1566, 1127, 6, 57, '2005-12'
1567, 1124, 3, 94, '2008-6'
1568, 1124, 5, 70, '2001-12'
1569, 1125, 1, 49, '2006-4'
1570, 1122, 8, 68, '2008-1'
1571, 1122, 4, 113, '2006-12'
1572, 1123, 6, 71, '2013-4'
1573, 1120, 6, 89, '2006-5'
1574, 1120, 5, 75, '2008-1'
1575, 1121, 10, 70, '2005-12'
1576, 1121, 2, 47, '2001-6'
1577, 1151, 8, 88, '2000-1'
1578, 1150, 4, 79, '2008-1'
1579, 1149, 3, 76, '2011-3'
1580, 1148, 4, 101, '2009-1'
1581, 1148, 9, 93, '2009-11'
1582, 1147, 6, 108, '2011-11'
1583, 1146, 7, 116, '2013-12'
1584, 1145, 9, 51, '2012-11'
1585, 1144, 10, 47, '2010-2'
1586, 1143, 5, 71, '2005-3'
1587, 1142, 9, 70, '2009-9'
1588, 1141, 2, 108, '2012-10'
1589, 1141, 4, 107, '2009-6'
1590, 1140, 8, 45, '2011-12'
1591, 1140, 5, 63, '2001-1'
1592, 1139, 9, 55, '2000-6'
1593, 1139, 6, 70, '2007-7'
1594, 1138, 3, 85, '2009-2'
1595, 1137, 6, 89, '2014-3'
1596, 1137, 4, 89, '2000-9'
1597, 1136, 5, 119, '2010-2'
1598, 1136, 4, 53, '2011-3'
1599, 1032, 3, 54, '2011-6'
1600, 1032, 7, 96, '2000-2'
1601, 1033, 10, 51, '2010-12'
1602, 1033, 3, 68, '2012-3'
1603, 1034, 10, 88, '2011-3'
1604, 1034, 2, 43, '2003-7'
1605, 1035, 7, 103, '2014-6'
1606, 1035, 4, 109, '2003-5'
1607, 1036, 3, 52, '2010-8'
1608, 1036, 1, 91, '2014-1'
1609, 1037, 4, 53, '2008-11'
1610, 1037, 7, 81, '2002-7'
1611, 1038, 7, 100, '2012-2'
1612, 1039, 3, 113, '2013-6'
1613, 1039, 10, 67, '2008-2'
1614, 1024, 7, 47, '2012-5'
1615, 1024, 1, 105, '2014-9'
1616, 1025, 3, 100, '2014-3'
1617, 1026, 2, 98, '2007-4'
1618, 1027, 7, 92, '2014-11'
1619, 1028, 7, 74, '2013-12'
1620, 1028, 8, 107, '2009-12'
1621, 1029, 10, 53, '2000-10'
1622, 1029, 9, 112, '2013-6'
1623, 1030, 6, 69, '2010-8'
1624, 1030, 3, 69, '2004-1'
1625, 1031, 8, 101, '2013-12'
1626, 1049, 1, 87, '2000-5'
1627, 1048, 4, 109, '2005-11'
1628, 1051, 1, 59, '2013-3'
1629, 1051, 5, 117, '2003-9'
1630, 1050, 1, 89, '2008-5'
1631, 1053, 7, 87, '2010-5'
1632, 1052, 8, 47, '2009-1'
1633, 1052, 8, 56, '2014-6'
1634, 1055, 5, 63, '2003-10'
1635, 1055, 3, 51, '2000-7'
1636, 1054, 7, 91, '2004-1'
1637, 1054, 6, 92, '2002-6'
1638, 1041, 9, 48, '2001-5'
1639, 1040, 9, 55, '2002-1'
1640, 1040, 5, 110, '2003-10'
1641, 1043, 9, 55, '2011-8'
1642, 1042, 9, 66, '2009-4'
1643, 1042, 10, 116, '2003-11'
1644, 1045, 1, 90, '2000-7'
1645, 1045, 8, 40, '2005-5'
1646, 1044, 9, 78, '2013-12'
1647, 1044, 9, 44, '2006-8'
1648, 1047, 6, 116, '2002-10'
1649, 1047, 2, 112, '2014-10'
1650, 1046, 3, 58, '2004-7'
1651, 1066, 6, 72, '2007-10'
1652, 1066, 1, 113, '2011-8'
1653, 1067, 6, 75, '2007-11'
1654, 1064, 10, 62, '2002-1'
1655, 1064, 9, 62, '2006-10'
1656, 1065, 7, 114, '2006-9'
1657, 1070, 10, 95, '2006-6'
1658, 1071, 10, 91, '2010-5'
1659, 1071, 8, 80, '2007-6'
1660, 1068, 6, 74, '2012-4'
1661, 1068, 1, 77, '2007-5'
1662, 1069, 1, 112, '2007-6'
1663, 1058, 6, 40, '2007-6'
1664, 1059, 8, 43, '2001-9'
1665, 1059, 3, 64, '2000-6'
1666, 1056, 3, 111, '2012-11'
1667, 1057, 9, 105, '2005-5'
1668, 1057, 7, 116, '2005-3'
1669, 1062, 6, 120, '2000-12'
1670, 1062, 4, 50, '2013-12'
1671, 1063, 5, 75, '2008-5'
1672, 1060, 2, 53, '2010-6'
1673, 1060, 8, 78, '2006-4'
1674, 1061, 3, 89, '2001-3'
1675, 1061, 5, 106, '2007-10'
1676, 1083, 5, 40, '2011-1'
1677, 1082, 4, 70, '2005-8'
1678, 1082, 2, 89, '2002-8'
1679, 1081, 2, 111, '2004-7'
1680, 1080, 3, 68, '2004-4'
1681, 1080, 10, 120, '2012-1'
1682, 1087, 1, 81, '2013-5'
1683, 1087, 2, 103, '2003-12'
1684, 1086, 7, 97, '2007-5'
1685, 1085, 2, 40, '2002-7'
1686, 1085, 2, 59, '2001-6'
1687, 1084, 7, 73, '2013-11'
1688, 1075, 1, 58, '2008-9'
1689, 1075, 10, 88, '2000-1'
1690, 1074, 7, 76, '2002-9'
1691, 1074, 9, 60, '2012-6'
1692, 1073, 10, 40, '2010-4'
1693, 1072, 6, 55, '2014-6'
1694, 1079, 2, 115, '2012-6'
1695, 1079, 2, 101, '2010-3'
1696, 1078, 8, 111, '2003-10'
1697, 1078, 7, 57, '2004-4'
1698, 1077, 8, 101, '2008-9'
1699, 1076, 2, 55, '2012-12'
1700, 1153, 6, 117, '2010-4'
1701, 1153, 2, 100, '2010-1'
1702, 1152, 9, 44, '2002-4'
1703, 1152, 1, 54, '2010-6'
1704, 1155, 2, 51, '2004-3'
1705, 1154, 9, 42, '2006-11'
1706, 1157, 10, 54, '2009-5'
1707, 1156, 5, 79, '2006-4'
1708, 1159, 9, 84, '2010-8'
1709, 1158, 10, 52, '2007-6'
1710, 1158, 10, 80, '2011-9'
1711, 1161, 6, 54, '2008-8'
1712, 1161, 2, 106, '2005-1'
1713, 1160, 2, 112, '2007-11'
1714, 1163, 9, 104, '2000-12'
1715, 1162, 6, 90, '2014-5'
1716, 1162, 6, 51, '2009-4'
1717, 1165, 1, 94, '2008-5'
1718, 1165, 4, 112, '2007-1'
1719, 1164, 1, 120, '2001-9'
1720, 1167, 1, 63, '2009-10'
1721, 1166, 4, 75, '2000-5'
1722, 1168, 8, 60, '2009-1'
1723, 1168, 10, 103, '2012-3'
1724, 1169, 8, 87, '2001-7'
1725, 1169, 1, 79, '2014-6'
1726, 1170, 6, 48, '2009-8'
1727, 1170, 3, 106, '2001-6'
1728, 1171, 4, 107, '2009-8'
1729, 1171, 10, 68, '2012-12'
1730, 1172, 5, 87, '2007-4'
1731, 1172, 9, 116, '2001-12'
1732, 1173, 10, 40, '2007-1'
1733, 1173, 1, 46, '2010-4'
1734, 1174, 9, 79, '2013-4'
1735, 1174, 9, 118, '2011-5'
1736, 1175, 10, 111, '2008-7'
1737, 1176, 6, 79, '2008-1'
1738, 1177, 7, 84, '2003-5'
1739, 1178, 9, 41, '2012-8'
1740, 1178, 5, 90, '2001-7'
1741, 1179, 3, 55, '2002-3'
1742, 1179, 5, 53, '2000-7'
1743, 1180, 1, 76, '2001-12'
1744, 1180, 9, 68, '2006-10'
1745, 1181, 4, 86, '2006-6'
1746, 1181, 2, 94, '2000-10'
1747, 1182, 2, 108, '2009-1'
1748, 1182, 4, 115, '2003-12'
1749, 1183, 5, 81, '2007-7'
1750, 1183, 2, 87, '2005-2'
1751, 1187, 1, 101, '2013-10'
1752, 1186, 8, 116, '2002-6'
1753, 1186, 1, 45, '2012-6'
1754, 1185, 10, 115, '2000-6'
1755, 1184, 1, 119, '2009-3'
1756, 1184, 7, 69, '2010-4'
1757, 1191, 1, 52, '2013-10'
1758, 1190, 9, 46, '2004-2'
1759, 1189, 1, 69, '2009-1'
1760, 1189, 4, 86, '2012-4'
1761, 1188, 8, 66, '2004-2'
1762, 1195, 9, 95, '2013-5'
1763, 1194, 7, 64, '2002-5'
1764, 1194, 7, 76, '2012-2'
1765, 1193, 7, 78, '2011-10'
1766, 1192, 2, 77, '2010-3'
1767, 1199, 6, 67, '2008-10'
1768, 1199, 8, 92, '2008-5'
1769, 1198, 5, 94, '2000-11'
1770, 1198, 7, 110, '2011-11'
1771, 1197, 10, 105, '2002-2'
1772, 1197, 9, 42, '2008-11'
1773, 1196, 6, 48, '2004-8'
1774, 1196, 5, 107, '2011-1'
1775, 1202, 5, 68, '2012-3'
1776, 1203, 8, 114, '2013-9'
1777, 1203, 8, 100, '2000-8'
1778, 1200, 8, 72, '2002-11'
1779, 1201, 6, 67, '2001-5'
1780, 1201, 1, 103, '2014-6'
1781, 1206, 3, 99, '2000-1'
1782, 1206, 8, 60, '2003-5'
1783, 1204, 1, 84, '2011-12'
1784, 1205, 5, 63, '2014-7'
