1, 1, 10, 58
2, 2, 2, 111
3, 3, 2, 64
4, 4, 7, 76
5, 4, 9, 85
6, 5, 4, 110
7, 5, 4, 55
8, 6, 3, 120
9, 6, 7, 42
10, 7, 6, 96
11, 7, 7, 101
12, 8, 10, 111
13, 9, 8, 93
14, 9, 1, 114
15, 10, 1, 41
16, 10, 3, 61
17, 11, 9, 86
18, 12, 6, 90
19, 13, 5, 65
20, 14, 7, 94
21, 15, 1, 81
22, 15, 5, 61
23, 17, 5, 97
24, 17, 3, 73
25, 16, 4, 45
26, 16, 5, 120
27, 19, 8, 85
28, 18, 1, 98
29, 18, 7, 107
30, 21, 6, 70
31, 20, 2, 49
32, 23, 10, 62
33, 22, 2, 48
34, 25, 2, 100
35, 25, 6, 116
36, 24, 2, 100
37, 24, 8, 118
38, 27, 7, 76
39, 26, 5, 110
40, 29, 3, 87
41, 29, 4, 57
42, 28, 1, 97
43, 28, 10, 103
44, 31, 2, 51
45, 31, 8, 66
46, 30, 5, 104
47, 30, 3, 91
48, 34, 10, 79
49, 34, 6, 40
50, 35, 2, 50
51, 32, 5, 98
52, 33, 3, 81
53, 33, 8, 120
54, 38, 3, 113
55, 39, 5, 112
56, 39, 2, 105
57, 36, 2, 91
58, 36, 3, 68
59, 37, 7, 101
60, 37, 1, 76
61, 42, 7, 100
62, 42, 5, 83
63, 43, 1, 82
64, 43, 6, 98
65, 40, 2, 119
66, 40, 10, 45
67, 41, 7, 84
68, 46, 10, 70
69, 46, 10, 105
70, 47, 4, 67
71, 47, 9, 57
72, 44, 1, 54
73, 44, 1, 47
74, 45, 8, 104
75, 45, 10, 51
76, 51, 6, 89
77, 51, 4, 108
78, 50, 10, 118
79, 50, 3, 93
80, 49, 1, 62
81, 48, 1, 114
82, 55, 7, 90
83, 54, 6, 93
84, 53, 7, 93
85, 52, 10, 86
86, 52, 10, 68
87, 59, 10, 116
88, 58, 9, 63
89, 57, 10, 60
90, 57, 1, 93
91, 56, 2, 91
92, 56, 4, 91
93, 63, 5, 99
94, 62, 8, 102
95, 62, 1, 97
96, 61, 2, 109
97, 61, 5, 69
98, 60, 7, 118
99, 68, 1, 61
100, 69, 2, 75
101, 69, 4, 43
102, 70, 1, 117
103, 71, 8, 48
104, 64, 4, 44
105, 65, 8, 94
106, 65, 9, 98
107, 66, 2, 50
108, 66, 7, 59
109, 67, 3, 47
110, 76, 10, 115
111, 76, 7, 101
112, 77, 8, 88
113, 78, 7, 103
114, 78, 8, 90
115, 79, 3, 41
116, 79, 5, 47
117, 72, 7, 75
118, 72, 2, 85
119, 73, 2, 72
120, 73, 4, 49
121, 74, 3, 42
122, 75, 1, 118
123, 75, 4, 82
124, 85, 7, 78
125, 85, 3, 46
126, 84, 2, 66
127, 84, 1, 103
128, 87, 5, 119
129, 87, 7, 90
130, 86, 5, 61
131, 86, 9, 41
132, 81, 6, 81
133, 81, 8, 43
134, 80, 10, 71
135, 83, 3, 77
136, 83, 4, 89
137, 82, 7, 80
138, 82, 4, 73
139, 93, 5, 96
140, 93, 1, 110
141, 92, 5, 95
142, 92, 5, 77
143, 95, 6, 60
144, 94, 8, 115
145, 89, 1, 61
146, 88, 5, 64
147, 91, 5, 111
148, 90, 4, 86
149, 102, 3, 101
150, 103, 10, 60
151, 100, 6, 42
152, 100, 7, 88
153, 101, 1, 93
154, 98, 7, 112
155, 99, 6, 64
156, 96, 9, 72
157, 97, 7, 88
158, 97, 9, 62
159, 110, 5, 62
160, 110, 3, 77
161, 111, 7, 40
162, 108, 4, 73
163, 108, 4, 99
164, 109, 1, 59
165, 106, 5, 49
166, 107, 3, 116
167, 104, 6, 70
168, 104, 7, 90
169, 105, 10, 90
170, 105, 4, 102
171, 119, 6, 61
172, 118, 6, 119
173, 117, 6, 89
174, 116, 4, 106
175, 116, 8, 118
176, 115, 5, 100
177, 115, 1, 106
178, 114, 1, 106
179, 114, 8, 82
180, 113, 2, 106
181, 113, 6, 108
182, 112, 8, 78
183, 112, 2, 77
184, 127, 3, 80
185, 127, 1, 116
186, 126, 7, 80
187, 125, 7, 95
188, 125, 4, 101
189, 124, 5, 107
190, 123, 1, 87
191, 122, 3, 73
192, 122, 9, 108
193, 121, 7, 56
194, 121, 10, 76
195, 120, 5, 47
196, 120, 4, 109
197, 137, 3, 108
198, 137, 4, 107
199, 136, 5, 76
200, 139, 1, 69
201, 139, 8, 52
202, 138, 2, 66
203, 138, 7, 115
204, 141, 5, 74
205, 140, 6, 88
206, 140, 2, 84
207, 143, 7, 105
208, 143, 4, 46
209, 142, 10, 41
210, 129, 9, 58
211, 129, 5, 48
212, 128, 10, 107
213, 131, 10, 97
214, 130, 10, 74
215, 130, 6, 99
216, 133, 8, 79
217, 133, 8, 46
218, 132, 7, 118
219, 132, 4, 92
220, 135, 9, 84
221, 134, 3, 75
222, 134, 5, 42
223, 152, 5, 53
224, 152, 9, 119
225, 153, 4, 65
226, 154, 1, 49
227, 155, 9, 69
228, 155, 6, 96
229, 156, 10, 104
230, 157, 8, 62
231, 158, 3, 117
232, 159, 5, 40
233, 159, 9, 67
234, 144, 10, 62
235, 144, 3, 105
236, 145, 5, 66
237, 146, 5, 108
238, 146, 1, 96
239, 147, 4, 67
240, 147, 3, 79
241, 148, 6, 117
242, 148, 1, 89
243, 149, 5, 91
244, 149, 9, 57
245, 150, 1, 101
246, 150, 3, 103
247, 151, 5, 94
248, 151, 3, 117
249, 171, 5, 117
250, 170, 3, 112
251, 170, 1, 92
252, 169, 10, 51
253, 169, 6, 102
254, 168, 9, 53
255, 168, 3, 89
256, 175, 6, 109
257, 175, 3, 72
258, 174, 3, 71
259, 173, 2, 109
260, 172, 4, 85
261, 163, 5, 117
262, 163, 5, 68
263, 162, 6, 76
264, 162, 5, 120
265, 161, 6, 75
266, 161, 8, 79
267, 160, 10, 49
268, 167, 1, 94
269, 167, 2, 61
270, 166, 9, 50
271, 166, 9, 102
272, 165, 9, 75
273, 164, 9, 103
274, 164, 4, 72
275, 186, 10, 109
276, 186, 1, 63
277, 187, 1, 48
278, 187, 9, 99
279, 184, 7, 108
280, 184, 4, 95
281, 185, 1, 109
282, 185, 4, 88
283, 190, 1, 112
284, 191, 8, 82
285, 188, 8, 101
286, 189, 3, 57
287, 189, 8, 95
288, 178, 3, 44
289, 179, 4, 79
290, 179, 7, 78
291, 176, 8, 75
292, 177, 5, 92
293, 182, 2, 120
294, 183, 1, 59
295, 180, 4, 53
296, 181, 8, 85
297, 181, 4, 61
298, 205, 8, 44
299, 205, 9, 100
300, 204, 6, 63
301, 207, 3, 105
302, 206, 7, 83
303, 201, 4, 40
304, 201, 1, 112
305, 200, 6, 86
306, 200, 10, 56
307, 203, 9, 70
308, 203, 1, 106
309, 202, 4, 70
310, 202, 3, 44
311, 197, 9, 65
312, 196, 4, 119
313, 196, 2, 70
314, 199, 9, 85
315, 199, 8, 42
316, 198, 7, 55
317, 198, 5, 84
318, 193, 6, 66
319, 193, 1, 77
320, 192, 2, 113
321, 195, 10, 68
322, 195, 1, 116
323, 194, 8, 54
324, 220, 2, 64
325, 220, 2, 53
326, 221, 9, 108
327, 222, 2, 94
328, 223, 2, 83
329, 223, 4, 65
330, 216, 6, 84
331, 216, 5, 65
332, 217, 9, 51
333, 218, 4, 74
334, 218, 7, 90
335, 219, 9, 55
336, 212, 3, 66
337, 212, 4, 66
338, 213, 9, 102
339, 213, 3, 114
340, 214, 7, 107
341, 214, 9, 42
342, 215, 5, 120
343, 208, 9, 41
344, 209, 3, 114
345, 209, 5, 73
346, 210, 9, 69
347, 210, 7, 106
348, 211, 2, 48
349, 239, 7, 42
350, 239, 3, 62
351, 238, 8, 116
352, 238, 1, 110
353, 237, 10, 55
354, 237, 6, 80
355, 236, 1, 111
356, 235, 9, 84
357, 234, 10, 42
358, 234, 9, 40
359, 233, 4, 51
360, 232, 6, 98
361, 231, 9, 74
362, 231, 6, 112
363, 230, 6, 41
364, 230, 1, 52
365, 229, 9, 77
366, 228, 4, 64
367, 228, 1, 66
368, 227, 3, 102
369, 227, 7, 91
370, 226, 9, 79
371, 225, 8, 107
372, 225, 1, 70
373, 224, 4, 93
374, 254, 9, 114
375, 254, 3, 118
376, 255, 2, 48
377, 255, 1, 54
378, 252, 6, 52
379, 253, 3, 101
380, 253, 10, 58
381, 250, 6, 51
382, 250, 2, 108
383, 251, 1, 84
384, 248, 4, 110
385, 248, 9, 85
386, 249, 3, 71
387, 246, 4, 79
388, 246, 7, 112
389, 247, 6, 40
390, 244, 3, 76
391, 245, 8, 104
392, 242, 4, 94
393, 242, 1, 57
394, 243, 7, 85
395, 240, 7, 98
396, 241, 8, 109
397, 275, 9, 56
398, 274, 7, 56
399, 273, 2, 107
400, 273, 5, 72
401, 272, 10, 80
402, 272, 2, 112
403, 279, 9, 65
404, 278, 4, 95
405, 277, 9, 57
406, 276, 8, 117
407, 276, 6, 40
408, 283, 6, 99
409, 283, 9, 112
410, 282, 2, 114
411, 281, 8, 98
412, 281, 4, 115
413, 280, 3, 111
414, 287, 7, 56
415, 286, 10, 47
416, 286, 5, 49
417, 285, 10, 42
418, 285, 10, 117
419, 284, 6, 114
420, 258, 6, 54
421, 259, 8, 64
422, 256, 3, 87
423, 257, 1, 79
424, 262, 2, 113
425, 262, 5, 117
426, 263, 8, 63
427, 260, 5, 102
428, 260, 9, 48
429, 261, 2, 91
430, 261, 3, 110
431, 266, 4, 55
432, 267, 7, 93
433, 264, 2, 46
434, 264, 6, 102
435, 265, 7, 81
436, 270, 5, 95
437, 271, 7, 70
438, 271, 2, 112
439, 268, 3, 41
440, 268, 3, 90
441, 269, 8, 57
442, 269, 9, 71
443, 305, 2, 98
444, 305, 3, 69
445, 304, 2, 105
446, 304, 1, 81
447, 307, 7, 88
448, 307, 4, 92
449, 306, 4, 102
450, 306, 2, 63
451, 309, 7, 85
452, 308, 5, 59
453, 308, 9, 53
454, 311, 3, 73
455, 310, 9, 88
456, 313, 8, 47
457, 312, 8, 119
458, 312, 1, 119
459, 315, 7, 97
460, 314, 10, 97
461, 317, 7, 53
462, 317, 3, 62
463, 316, 4, 94
464, 316, 3, 93
465, 319, 10, 48
466, 319, 2, 92
467, 318, 9, 77
468, 318, 9, 70
469, 288, 2, 89
470, 288, 4, 70
471, 289, 3, 118
472, 290, 9, 79
473, 291, 8, 101
474, 291, 8, 71
475, 292, 3, 106
476, 292, 4, 119
477, 293, 1, 91
478, 294, 2, 75
479, 295, 9, 57
480, 295, 3, 59
481, 296, 7, 90
482, 297, 2, 51
483, 298, 8, 84
484, 298, 3, 40
485, 299, 3, 41
486, 300, 9, 94
487, 300, 2, 89
488, 301, 10, 91
489, 302, 7, 41
490, 303, 10, 103
491, 343, 3, 71
492, 343, 10, 98
493, 342, 7, 44
494, 342, 4, 51
495, 341, 4, 88
496, 340, 7, 49
497, 339, 3, 97
498, 338, 1, 92
499, 337, 9, 58
500, 336, 9, 113
501, 351, 4, 95
502, 351, 5, 89
503, 350, 5, 58
504, 349, 2, 104
505, 348, 10, 89
506, 347, 6, 84
507, 346, 5, 104
508, 345, 4, 47
509, 344, 2, 74
510, 326, 10, 41
511, 327, 10, 115
512, 324, 8, 46
513, 325, 2, 120
514, 325, 10, 61
515, 322, 10, 118
516, 323, 7, 59
517, 323, 4, 65
518, 320, 8, 80
519, 320, 6, 110
520, 321, 2, 115
521, 321, 7, 55
522, 334, 3, 41
523, 334, 8, 75
524, 335, 1, 120
525, 335, 1, 80
526, 332, 7, 91
527, 332, 2, 110
528, 333, 8, 75
529, 330, 2, 44
530, 330, 3, 92
531, 331, 10, 106
532, 331, 2, 59
533, 328, 9, 119
534, 328, 3, 114
535, 329, 8, 111
536, 329, 6, 74
537, 373, 7, 116
538, 372, 4, 74
539, 375, 7, 93
540, 374, 6, 93
541, 369, 3, 106
542, 369, 1, 41
543, 368, 2, 83
544, 368, 1, 93
545, 371, 7, 42
546, 371, 10, 98
547, 370, 7, 73
548, 381, 7, 101
549, 381, 8, 91
550, 380, 6, 116
551, 383, 3, 91
552, 383, 10, 55
553, 382, 3, 55
554, 377, 10, 54
555, 376, 9, 74
556, 376, 4, 77
557, 379, 8, 86
558, 378, 7, 98
559, 378, 6, 69
560, 356, 5, 57
561, 357, 4, 102
562, 357, 10, 71
563, 358, 7, 92
564, 358, 7, 66
565, 359, 9, 58
566, 352, 2, 61
567, 352, 7, 84
568, 353, 7, 42
569, 353, 4, 78
570, 354, 6, 41
571, 355, 4, 88
572, 364, 3, 54
573, 365, 10, 53
574, 366, 5, 80
575, 367, 8, 91
576, 360, 3, 112
577, 361, 8, 47
578, 362, 9, 87
579, 363, 5, 41
580, 363, 2, 85
581, 410, 7, 64
582, 410, 5, 74
583, 411, 4, 112
584, 408, 8, 104
585, 409, 7, 112
586, 414, 7, 105
587, 415, 6, 84
588, 415, 7, 89
589, 412, 4, 77
590, 412, 3, 70
591, 413, 7, 103
592, 413, 4, 119
593, 402, 5, 76
594, 402, 10, 82
595, 403, 8, 57
596, 403, 5, 96
597, 400, 2, 89
598, 401, 4, 44
599, 401, 4, 97
600, 406, 9, 66
601, 407, 2, 106
602, 407, 4, 66
603, 404, 1, 105
604, 404, 4, 55
605, 405, 3, 78
606, 395, 7, 94
607, 395, 2, 54
608, 394, 10, 72
609, 394, 1, 75
610, 393, 2, 86
611, 392, 5, 79
612, 399, 7, 119
613, 399, 9, 62
614, 398, 4, 51
615, 397, 10, 58
616, 397, 4, 55
617, 396, 4, 116
618, 396, 1, 50
619, 387, 10, 73
620, 387, 2, 99
621, 386, 4, 44
622, 385, 1, 64
623, 384, 2, 52
624, 384, 6, 115
625, 391, 4, 80
626, 391, 9, 98
627, 390, 6, 73
628, 390, 9, 113
629, 389, 2, 63
630, 389, 10, 53
631, 388, 3, 112
632, 440, 6, 77
633, 441, 5, 40
634, 442, 10, 106
635, 443, 8, 102
636, 444, 10, 99
637, 445, 3, 67
638, 446, 4, 47
639, 446, 6, 65
640, 447, 9, 65
641, 447, 9, 61
642, 432, 3, 76
643, 432, 9, 110
644, 433, 7, 96
645, 433, 1, 85
646, 434, 5, 44
647, 435, 1, 77
648, 435, 8, 102
649, 436, 3, 88
650, 437, 5, 60
651, 438, 4, 117
652, 438, 8, 52
653, 439, 6, 105
654, 425, 2, 42
655, 425, 6, 93
656, 424, 1, 48
657, 427, 2, 49
658, 426, 7, 83
659, 426, 9, 51
660, 429, 5, 95
661, 429, 2, 68
662, 428, 1, 117
663, 428, 5, 77
664, 431, 6, 89
665, 430, 2, 118
666, 430, 6, 56
667, 417, 10, 73
668, 417, 3, 64
669, 416, 8, 109
670, 419, 1, 120
671, 419, 1, 107
672, 418, 2, 101
673, 418, 9, 113
674, 421, 8, 101
675, 420, 3, 104
676, 423, 5, 59
677, 423, 1, 57
678, 422, 6, 105
679, 422, 1, 59
680, 478, 8, 86
681, 479, 8, 97
682, 479, 7, 115
683, 476, 4, 91
684, 476, 7, 58
685, 477, 10, 109
686, 477, 6, 92
687, 474, 3, 92
688, 474, 6, 114
689, 475, 7, 52
690, 475, 1, 66
691, 472, 10, 69
692, 472, 8, 106
693, 473, 8, 84
694, 473, 7, 81
695, 470, 2, 57
696, 471, 10, 54
697, 471, 4, 46
698, 468, 8, 67
699, 469, 10, 48
700, 469, 9, 94
701, 466, 10, 114
702, 467, 5, 93
703, 467, 3, 49
704, 464, 10, 82
705, 465, 4, 120
706, 465, 2, 41
707, 463, 5, 116
708, 463, 4, 77
709, 462, 7, 107
710, 461, 4, 69
711, 460, 4, 62
712, 459, 6, 80
713, 459, 7, 75
714, 458, 9, 58
715, 458, 9, 71
716, 457, 7, 101
717, 457, 2, 48
718, 456, 1, 51
719, 456, 5, 53
720, 455, 7, 75
721, 455, 3, 95
722, 454, 9, 71
723, 453, 6, 53
724, 453, 8, 92
725, 452, 10, 92
726, 452, 2, 93
727, 451, 1, 117
728, 450, 7, 69
729, 450, 4, 58
730, 449, 7, 67
731, 448, 3, 100
732, 508, 3, 119
733, 509, 8, 94
734, 510, 2, 76
735, 511, 6, 63
736, 504, 1, 92
737, 504, 9, 57
738, 505, 4, 77
739, 506, 7, 118
740, 507, 5, 40
741, 500, 7, 60
742, 501, 10, 59
743, 502, 7, 120
744, 503, 7, 77
745, 503, 1, 104
746, 496, 8, 118
747, 496, 6, 108
748, 497, 3, 96
749, 497, 1, 100
750, 498, 2, 91
751, 499, 10, 85
752, 499, 3, 109
753, 493, 3, 100
754, 492, 8, 117
755, 492, 2, 95
756, 495, 2, 45
757, 495, 4, 84
758, 494, 3, 102
759, 489, 8, 79
760, 489, 3, 99
761, 488, 7, 80
762, 491, 5, 98
763, 490, 1, 95
764, 485, 3, 58
765, 484, 8, 52
766, 484, 2, 103
767, 487, 9, 93
768, 486, 9, 51
769, 486, 9, 120
770, 481, 6, 78
771, 480, 5, 57
772, 480, 3, 115
773, 483, 9, 106
774, 482, 4, 55
775, 550, 10, 107
776, 550, 9, 80
777, 551, 2, 73
778, 548, 5, 40
779, 548, 2, 96
780, 549, 6, 100
781, 549, 3, 50
782, 546, 2, 112
783, 547, 1, 78
784, 547, 8, 44
785, 544, 7, 86
786, 545, 3, 51
787, 558, 5, 120
788, 558, 2, 46
789, 559, 10, 78
790, 556, 6, 40
791, 557, 9, 82
792, 557, 3, 86
793, 554, 6, 110
794, 554, 7, 83
795, 555, 8, 96
796, 555, 6, 51
797, 552, 4, 52
798, 553, 10, 62
799, 553, 2, 69
800, 567, 5, 54
801, 566, 3, 41
802, 565, 9, 63
803, 565, 7, 115
804, 564, 1, 65
805, 564, 8, 66
806, 563, 6, 40
807, 562, 3, 94
808, 561, 7, 106
809, 561, 3, 112
810, 560, 3, 56
811, 575, 9, 117
812, 575, 6, 89
813, 574, 1, 59
814, 573, 5, 90
815, 572, 9, 44
816, 571, 10, 79
817, 570, 8, 99
818, 570, 4, 87
819, 569, 9, 77
820, 568, 3, 113
821, 516, 9, 100
822, 517, 1, 59
823, 517, 3, 55
824, 518, 5, 74
825, 518, 6, 44
826, 519, 2, 109
827, 512, 4, 95
828, 513, 7, 115
829, 513, 10, 118
830, 514, 2, 107
831, 514, 5, 81
832, 515, 3, 55
833, 515, 5, 42
834, 524, 6, 115
835, 525, 7, 109
836, 526, 8, 89
837, 527, 6, 106
838, 520, 7, 60
839, 521, 3, 82
840, 521, 2, 117
841, 522, 9, 69
842, 522, 8, 82
843, 523, 9, 64
844, 523, 5, 83
845, 533, 4, 76
846, 532, 7, 41
847, 532, 5, 58
848, 535, 7, 101
849, 535, 1, 70
850, 534, 8, 84
851, 534, 9, 49
852, 529, 3, 49
853, 529, 3, 95
854, 528, 8, 55
855, 531, 4, 46
856, 530, 1, 110
857, 541, 5, 107
858, 541, 6, 115
859, 540, 6, 118
860, 543, 4, 98
861, 542, 6, 62
862, 542, 10, 117
863, 537, 1, 83
864, 536, 6, 59
865, 539, 8, 78
866, 539, 1, 76
867, 538, 2, 81
868, 610, 3, 42
869, 610, 5, 79
870, 611, 4, 50
871, 608, 4, 46
872, 609, 10, 62
873, 614, 6, 51
874, 614, 6, 84
875, 615, 8, 41
876, 612, 8, 70
877, 612, 9, 82
878, 613, 5, 83
879, 618, 3, 74
880, 619, 9, 73
881, 619, 2, 59
882, 616, 2, 91
883, 616, 1, 106
884, 617, 5, 120
885, 617, 10, 60
886, 622, 3, 79
887, 622, 2, 69
888, 623, 8, 118
889, 620, 8, 108
890, 620, 6, 117
891, 621, 4, 94
892, 621, 8, 91
893, 627, 2, 42
894, 626, 9, 120
895, 626, 10, 75
896, 625, 8, 117
897, 624, 1, 75
898, 631, 10, 67
899, 630, 2, 110
900, 630, 3, 80
901, 629, 5, 112
902, 628, 9, 102
903, 635, 10, 93
904, 634, 2, 64
905, 634, 5, 107
906, 633, 10, 64
907, 632, 1, 101
908, 632, 5, 40
909, 639, 9, 66
910, 638, 7, 109
911, 637, 7, 44
912, 637, 4, 75
913, 636, 6, 102
914, 636, 10, 44
915, 576, 6, 106
916, 577, 3, 80
917, 577, 10, 56
918, 578, 7, 85
919, 578, 1, 116
920, 579, 10, 77
921, 579, 10, 94
922, 580, 9, 61
923, 580, 2, 83
924, 581, 5, 98
925, 581, 2, 76
926, 582, 3, 41
927, 582, 10, 103
928, 583, 9, 111
929, 583, 7, 93
930, 584, 8, 53
931, 584, 3, 44
932, 585, 5, 117
933, 585, 4, 78
934, 586, 10, 117
935, 587, 1, 81
936, 587, 7, 92
937, 588, 8, 71
938, 588, 3, 105
939, 589, 2, 45
940, 590, 10, 54
941, 590, 2, 70
942, 591, 7, 64
943, 591, 3, 114
944, 593, 6, 83
945, 592, 6, 78
946, 592, 4, 76
947, 595, 7, 58
948, 594, 8, 93
949, 594, 4, 108
950, 597, 7, 70
951, 596, 9, 83
952, 596, 6, 76
953, 599, 9, 48
954, 599, 3, 70
955, 598, 7, 110
956, 598, 6, 116
957, 601, 7, 98
958, 601, 4, 97
959, 600, 4, 66
960, 600, 3, 100
961, 603, 7, 71
962, 603, 8, 102
963, 602, 6, 86
964, 602, 5, 119
965, 605, 8, 88
966, 605, 2, 45
967, 604, 6, 96
968, 604, 9, 117
969, 607, 1, 112
970, 607, 1, 91
971, 606, 5, 86
972, 606, 4, 48
973, 687, 3, 119
974, 687, 8, 92
975, 686, 6, 40
976, 686, 5, 77
977, 685, 9, 99
978, 685, 3, 58
979, 684, 2, 45
980, 684, 3, 89
981, 683, 2, 95
982, 683, 8, 77
983, 682, 3, 101
984, 681, 10, 90
985, 681, 6, 49
986, 680, 8, 99
987, 679, 8, 113
988, 678, 2, 111
989, 677, 5, 85
990, 676, 2, 59
991, 676, 4, 111
992, 675, 9, 83
993, 675, 7, 80
994, 674, 8, 119
995, 674, 6, 111
996, 673, 10, 68
997, 673, 4, 40
998, 672, 9, 102
999, 672, 7, 45
1000, 702, 10, 74
1001, 702, 6, 107
1002, 703, 2, 40
1003, 700, 5, 54
1004, 700, 1, 59
1005, 701, 8, 42
1006, 701, 3, 101
1007, 698, 10, 43
1008, 699, 7, 96
1009, 696, 4, 40
1010, 696, 8, 118
1011, 697, 6, 42
1012, 697, 3, 90
1013, 694, 9, 54
1014, 695, 7, 78
1015, 692, 10, 53
1016, 692, 10, 109
1017, 693, 7, 102
1018, 693, 3, 65
1019, 690, 5, 53
1020, 690, 8, 41
1021, 691, 4, 77
1022, 688, 9, 86
1023, 688, 10, 57
1024, 689, 7, 110
1025, 689, 4, 115
1026, 653, 3, 103
1027, 652, 1, 41
1028, 652, 8, 66
1029, 655, 8, 105
1030, 654, 3, 107
1031, 654, 6, 58
1032, 649, 6, 55
1033, 648, 1, 61
1034, 648, 3, 85
1035, 651, 9, 91
1036, 650, 6, 45
1037, 650, 9, 74
1038, 645, 10, 77
1039, 644, 7, 76
1040, 647, 10, 94
1041, 647, 10, 92
1042, 646, 1, 92
1043, 646, 10, 79
1044, 641, 7, 97
1045, 641, 2, 96
1046, 640, 2, 84
1047, 643, 9, 79
1048, 642, 8, 105
1049, 642, 10, 40
1050, 668, 1, 44
1051, 668, 3, 44
1052, 669, 5, 96
1053, 670, 6, 71
1054, 670, 3, 102
1055, 671, 10, 40
1056, 664, 10, 77
1057, 664, 7, 64
1058, 665, 8, 62
1059, 665, 2, 110
1060, 666, 2, 94
1061, 666, 4, 106
1062, 667, 9, 108
1063, 667, 6, 118
1064, 660, 7, 62
1065, 661, 5, 95
1066, 662, 9, 89
1067, 662, 8, 101
1068, 663, 9, 103
1069, 656, 5, 113
1070, 657, 3, 43
1071, 658, 10, 58
1072, 659, 6, 56
1073, 747, 10, 67
1074, 746, 2, 118
1075, 745, 7, 112
1076, 745, 10, 83
1077, 744, 9, 92
1078, 751, 9, 84
1079, 750, 1, 57
1080, 749, 4, 89
1081, 749, 1, 91
1082, 748, 8, 68
1083, 748, 7, 79
1084, 739, 2, 44
1085, 738, 1, 104
1086, 738, 3, 94
1087, 737, 2, 79
1088, 737, 6, 117
1089, 736, 1, 98
1090, 743, 3, 57
1091, 742, 2, 114
1092, 742, 8, 98
1093, 741, 10, 107
1094, 741, 6, 40
1095, 740, 3, 75
1096, 762, 5, 66
1097, 763, 8, 66
1098, 760, 3, 74
1099, 760, 2, 47
1100, 761, 5, 57
1101, 761, 10, 119
1102, 766, 1, 83
1103, 767, 5, 118
1104, 764, 3, 86
1105, 764, 6, 117
1106, 765, 6, 94
1107, 765, 3, 81
1108, 754, 5, 115
1109, 754, 4, 117
1110, 755, 3, 66
1111, 752, 7, 120
1112, 753, 2, 48
1113, 753, 10, 42
1114, 758, 4, 86
1115, 759, 8, 107
1116, 759, 10, 90
1117, 756, 10, 68
1118, 757, 1, 101
1119, 757, 7, 79
1120, 713, 7, 85
1121, 713, 5, 99
1122, 712, 8, 76
1123, 715, 4, 55
1124, 714, 3, 45
1125, 714, 6, 46
1126, 717, 2, 48
1127, 717, 3, 89
1128, 716, 8, 88
1129, 716, 1, 115
1130, 719, 3, 82
1131, 719, 4, 57
1132, 718, 2, 69
1133, 718, 9, 88
1134, 705, 2, 61
1135, 705, 2, 85
1136, 704, 10, 105
1137, 704, 3, 94
1138, 707, 2, 120
1139, 707, 7, 43
1140, 706, 8, 100
1141, 706, 4, 119
1142, 709, 10, 75
1143, 709, 8, 97
1144, 708, 10, 100
1145, 711, 8, 57
1146, 710, 6, 71
1147, 710, 7, 60
1148, 728, 5, 53
1149, 728, 1, 90
1150, 729, 3, 120
1151, 730, 6, 67
1152, 730, 1, 120
1153, 731, 3, 74
1154, 731, 6, 60
1155, 732, 2, 118
1156, 733, 2, 46
1157, 734, 5, 111
1158, 735, 9, 40
1159, 720, 7, 69
1160, 721, 2, 53
1161, 722, 7, 94
1162, 722, 1, 112
1163, 723, 5, 117
1164, 723, 9, 57
1165, 724, 9, 45
1166, 725, 2, 55
1167, 725, 7, 65
1168, 726, 7, 118
1169, 727, 10, 54
1170, 821, 7, 69
1171, 820, 2, 110
1172, 820, 2, 87
1173, 823, 5, 43
1174, 823, 10, 116
1175, 822, 9, 64
1176, 822, 3, 100
1177, 817, 5, 86
1178, 816, 7, 69
1179, 816, 6, 102
1180, 819, 10, 109
1181, 819, 2, 71
1182, 818, 8, 72
1183, 829, 1, 63
1184, 829, 5, 76
1185, 828, 2, 50
1186, 831, 8, 51
1187, 831, 1, 83
1188, 830, 2, 60
1189, 830, 9, 66
1190, 825, 1, 46
1191, 824, 2, 69
1192, 827, 5, 77
1193, 826, 7, 47
1194, 826, 8, 77
1195, 804, 7, 94
1196, 805, 7, 54
1197, 805, 6, 114
1198, 806, 6, 60
1199, 806, 3, 99
1200, 807, 7, 79
1201, 807, 5, 82
1202, 800, 9, 65
1203, 801, 4, 109
1204, 802, 7, 91
1205, 803, 1, 69
1206, 803, 2, 96
1207, 812, 6, 54
1208, 813, 1, 52
1209, 813, 2, 68
1210, 814, 7, 118
1211, 814, 6, 99
1212, 815, 1, 58
1213, 815, 7, 115
1214, 808, 4, 106
1215, 809, 10, 88
1216, 809, 9, 114
1217, 810, 5, 64
1218, 810, 8, 47
1219, 811, 2, 113
1220, 811, 8, 71
1221, 791, 2, 77
1222, 791, 1, 44
1223, 790, 5, 120
1224, 790, 6, 109
1225, 789, 8, 60
1226, 789, 1, 75
1227, 788, 5, 59
1228, 787, 7, 84
1229, 786, 2, 56
1230, 786, 9, 57
1231, 785, 2, 78
1232, 785, 9, 108
1233, 784, 3, 95
1234, 799, 4, 91
1235, 799, 4, 91
1236, 798, 6, 46
1237, 798, 4, 56
1238, 797, 4, 109
1239, 797, 1, 84
1240, 796, 1, 94
1241, 795, 4, 66
1242, 795, 1, 88
1243, 794, 5, 105
1244, 794, 3, 71
1245, 793, 4, 94
1246, 793, 5, 112
1247, 792, 1, 116
1248, 774, 10, 56
1249, 775, 7, 50
1250, 775, 1, 82
1251, 772, 3, 108
1252, 772, 9, 114
1253, 773, 8, 66
1254, 770, 6, 48
1255, 770, 2, 79
1256, 771, 1, 117
1257, 768, 4, 117
1258, 768, 6, 73
1259, 769, 4, 79
1260, 782, 6, 62
1261, 782, 8, 88
1262, 783, 1, 91
1263, 780, 6, 84
1264, 781, 3, 70
1265, 781, 2, 110
1266, 778, 1, 98
1267, 778, 7, 98
1268, 779, 1, 107
1269, 776, 8, 114
1270, 776, 4, 72
1271, 777, 7, 70
1272, 881, 1, 45
1273, 880, 4, 110
1274, 880, 10, 94
1275, 883, 8, 86
1276, 882, 6, 89
1277, 885, 2, 105
1278, 884, 4, 65
1279, 887, 2, 120
1280, 887, 1, 106
1281, 886, 7, 98
1282, 886, 2, 118
1283, 889, 5, 94
1284, 888, 10, 118
1285, 888, 7, 57
1286, 891, 4, 100
1287, 891, 8, 113
1288, 890, 7, 106
1289, 890, 4, 74
1290, 893, 7, 44
1291, 892, 5, 78
1292, 895, 7, 100
1293, 894, 4, 76
1294, 864, 2, 65
1295, 865, 10, 63
1296, 865, 4, 84
1297, 866, 6, 102
1298, 866, 1, 107
1299, 867, 5, 119
1300, 867, 5, 60
1301, 868, 3, 77
1302, 868, 10, 65
1303, 869, 8, 48
1304, 870, 1, 63
1305, 870, 3, 42
1306, 871, 8, 69
1307, 871, 8, 54
1308, 872, 3, 44
1309, 872, 9, 50
1310, 873, 2, 103
1311, 873, 2, 60
1312, 874, 4, 83
1313, 874, 4, 47
1314, 875, 7, 58
1315, 876, 9, 118
1316, 877, 10, 49
1317, 877, 10, 56
1318, 878, 7, 64
1319, 878, 9, 50
1320, 879, 4, 87
1321, 851, 3, 85
1322, 850, 6, 66
1323, 849, 4, 119
1324, 849, 5, 98
1325, 848, 4, 76
1326, 848, 5, 98
1327, 855, 10, 64
1328, 855, 1, 57
1329, 854, 6, 57
1330, 854, 7, 60
1331, 853, 9, 68
1332, 852, 10, 41
1333, 852, 6, 69
1334, 859, 4, 70
1335, 858, 2, 86
1336, 858, 4, 53
1337, 857, 3, 90
1338, 857, 5, 97
1339, 856, 5, 55
1340, 863, 10, 67
1341, 862, 9, 43
1342, 861, 3, 53
1343, 860, 6, 92
1344, 860, 9, 71
1345, 834, 9, 109
1346, 834, 6, 46
1347, 835, 2, 108
1348, 832, 4, 98
1349, 832, 5, 84
1350, 833, 10, 44
1351, 838, 4, 58
1352, 838, 5, 65
1353, 839, 2, 118
1354, 839, 7, 105
1355, 836, 1, 64
1356, 836, 3, 97
1357, 837, 6, 54
1358, 842, 6, 66
1359, 843, 3, 74
1360, 843, 6, 114
1361, 840, 1, 51
1362, 841, 7, 116
1363, 841, 2, 73
1364, 846, 3, 95
1365, 846, 1, 89
1366, 847, 4, 86
1367, 844, 10, 58
1368, 845, 10, 47
1369, 845, 7, 89
1370, 956, 6, 41
1371, 956, 4, 44
1372, 957, 10, 102
1373, 957, 2, 112
1374, 958, 9, 88
1375, 958, 6, 117
1376, 959, 2, 55
1377, 959, 8, 88
1378, 952, 6, 47
1379, 953, 4, 65
1380, 953, 1, 70
1381, 954, 6, 101
1382, 954, 10, 85
1383, 955, 9, 106
1384, 948, 8, 114
1385, 948, 6, 42
1386, 949, 10, 78
1387, 950, 9, 75
1388, 950, 6, 90
1389, 951, 8, 45
1390, 951, 8, 78
1391, 944, 3, 100
1392, 945, 7, 69
1393, 945, 5, 92
1394, 946, 5, 59
1395, 947, 8, 68
1396, 947, 6, 112
1397, 941, 2, 99
1398, 941, 7, 69
1399, 940, 6, 55
1400, 943, 8, 59
1401, 942, 2, 74
1402, 942, 4, 62
1403, 937, 6, 95
1404, 936, 1, 51
1405, 939, 2, 103
1406, 938, 9, 60
1407, 938, 6, 117
1408, 933, 7, 106
1409, 933, 8, 93
1410, 932, 4, 47
1411, 932, 3, 77
1412, 935, 6, 82
1413, 935, 7, 89
1414, 934, 1, 118
1415, 934, 10, 103
1416, 929, 3, 63
1417, 929, 9, 43
1418, 928, 2, 82
1419, 928, 8, 117
1420, 931, 4, 78
1421, 930, 10, 70
1422, 930, 9, 77
1423, 926, 6, 64
1424, 926, 4, 87
1425, 927, 2, 102
1426, 927, 3, 86
1427, 924, 6, 97
1428, 925, 4, 47
1429, 925, 3, 41
1430, 922, 1, 53
1431, 923, 4, 47
1432, 920, 3, 78
1433, 920, 9, 118
1434, 921, 3, 102
1435, 921, 10, 47
1436, 918, 10, 91
1437, 919, 4, 110
1438, 919, 4, 48
1439, 916, 2, 100
1440, 916, 8, 96
1441, 917, 2, 91
1442, 914, 4, 41
1443, 915, 6, 57
1444, 915, 9, 65
1445, 912, 8, 76
1446, 912, 9, 87
1447, 913, 8, 109
1448, 913, 4, 80
1449, 911, 6, 61
1450, 911, 8, 56
1451, 910, 8, 107
1452, 909, 4, 60
1453, 908, 10, 72
1454, 908, 1, 65
1455, 907, 6, 82
1456, 906, 1, 88
1457, 906, 4, 74
1458, 905, 6, 64
1459, 904, 5, 60
1460, 903, 4, 81
1461, 902, 10, 41
1462, 901, 8, 108
1463, 901, 1, 57
1464, 900, 9, 98
1465, 899, 5, 94
1466, 898, 6, 42
1467, 897, 2, 96
1468, 896, 8, 44
1469, 1016, 8, 82
1470, 1017, 8, 60
1471, 1018, 6, 116
1472, 1019, 3, 71
1473, 1020, 2, 114
1474, 1020, 9, 90
1475, 1021, 4, 98
1476, 1022, 2, 54
1477, 1023, 6, 57
1478, 1008, 10, 110
1479, 1009, 3, 49
1480, 1010, 3, 105
1481, 1010, 10, 70
1482, 1011, 10, 86
1483, 1012, 9, 99
1484, 1013, 8, 118
1485, 1014, 7, 115
1486, 1014, 7, 103
1487, 1015, 1, 98
1488, 1001, 4, 74
1489, 1001, 10, 54
1490, 1000, 7, 86
1491, 1003, 2, 85
1492, 1002, 3, 113
1493, 1002, 8, 74
1494, 1005, 1, 95
1495, 1004, 7, 113
1496, 1004, 6, 98
1497, 1007, 10, 111
1498, 1006, 8, 58
1499, 1006, 9, 59
1500, 993, 4, 42
1501, 993, 6, 118
1502, 992, 5, 92
1503, 995, 9, 70
1504, 995, 10, 105
1505, 994, 7, 69
1506, 994, 3, 95
1507, 997, 2, 62
1508, 996, 8, 81
1509, 999, 1, 47
1510, 999, 7, 51
1511, 998, 5, 81
1512, 998, 1, 51
1513, 986, 2, 81
1514, 986, 6, 77
1515, 987, 10, 43
1516, 984, 5, 76
1517, 985, 3, 65
1518, 985, 6, 90
1519, 990, 4, 114
1520, 990, 7, 104
1521, 991, 3, 45
1522, 988, 7, 41
1523, 989, 1, 88
1524, 989, 4, 91
1525, 978, 9, 99
1526, 978, 4, 82
1527, 979, 2, 110
1528, 976, 2, 80
1529, 977, 7, 114
1530, 977, 1, 63
1531, 982, 10, 57
1532, 982, 5, 75
1533, 983, 2, 41
1534, 983, 2, 118
1535, 980, 3, 101
1536, 980, 3, 89
1537, 981, 8, 96
1538, 971, 8, 56
1539, 970, 9, 119
1540, 970, 5, 111
1541, 969, 5, 95
1542, 969, 7, 41
1543, 968, 2, 40
1544, 975, 10, 73
1545, 974, 3, 107
1546, 973, 4, 61
1547, 972, 4, 85
1548, 963, 1, 117
1549, 963, 10, 104
1550, 962, 8, 95
1551, 962, 2, 85
1552, 961, 1, 117
1553, 961, 7, 120
1554, 960, 7, 85
1555, 960, 2, 84
1556, 967, 2, 42
1557, 966, 9, 67
1558, 965, 3, 57
1559, 964, 5, 65
1560, 964, 9, 63
1561, 1100, 9, 45
1562, 1101, 9, 96
1563, 1102, 1, 101
1564, 1103, 8, 63
1565, 1103, 10, 114
1566, 1096, 7, 61
1567, 1096, 6, 44
1568, 1097, 9, 104
1569, 1098, 4, 117
1570, 1098, 10, 88
1571, 1099, 9, 57
1572, 1092, 10, 77
1573, 1093, 4, 112
1574, 1093, 4, 77
1575, 1094, 7, 73
1576, 1095, 2, 90
1577, 1095, 9, 118
1578, 1088, 4, 90
1579, 1089, 6, 58
1580, 1089, 3, 63
1581, 1090, 5, 74
1582, 1091, 5, 65
1583, 1117, 1, 99
1584, 1117, 9, 107
1585, 1116, 8, 99
1586, 1116, 1, 77
1587, 1119, 3, 69
1588, 1118, 2, 74
1589, 1118, 4, 59
1590, 1113, 6, 71
1591, 1112, 10, 57
1592, 1112, 5, 63
1593, 1115, 3, 105
1594, 1114, 7, 78
1595, 1114, 3, 101
1596, 1109, 6, 93
1597, 1109, 4, 69
1598, 1108, 8, 104
1599, 1108, 7, 59
1600, 1111, 1, 116
1601, 1111, 6, 77
1602, 1110, 3, 78
1603, 1105, 7, 48
1604, 1104, 6, 63
1605, 1107, 8, 47
1606, 1106, 8, 109
1607, 1134, 2, 68
1608, 1134, 7, 111
1609, 1135, 5, 48
1610, 1135, 8, 54
1611, 1132, 8, 103
1612, 1133, 9, 110
1613, 1133, 4, 91
1614, 1130, 10, 104
1615, 1131, 2, 77
1616, 1131, 3, 93
1617, 1128, 4, 90
1618, 1129, 1, 56
1619, 1126, 5, 64
1620, 1126, 1, 110
1621, 1127, 4, 50
1622, 1127, 3, 81
1623, 1124, 9, 69
1624, 1124, 8, 48
1625, 1125, 2, 118
1626, 1125, 10, 95
1627, 1122, 1, 95
1628, 1123, 4, 113
1629, 1120, 3, 103
1630, 1120, 4, 56
1631, 1121, 10, 90
1632, 1121, 1, 66
1633, 1151, 9, 52
1634, 1151, 7, 82
1635, 1150, 2, 114
1636, 1150, 5, 62
1637, 1149, 1, 93
1638, 1148, 2, 85
1639, 1147, 1, 114
1640, 1147, 10, 107
1641, 1146, 2, 67
1642, 1145, 9, 45
1643, 1145, 3, 114
1644, 1144, 10, 47
1645, 1144, 9, 58
1646, 1143, 7, 120
1647, 1143, 10, 116
1648, 1142, 8, 54
1649, 1142, 10, 118
1650, 1141, 9, 44
1651, 1140, 2, 45
1652, 1139, 2, 104
1653, 1138, 2, 111
1654, 1138, 8, 93
1655, 1137, 5, 91
1656, 1137, 1, 57
1657, 1136, 7, 86
1658, 1136, 6, 91
1659, 1032, 5, 106
1660, 1033, 5, 118
1661, 1034, 5, 59
1662, 1034, 10, 77
1663, 1035, 5, 77
1664, 1035, 10, 109
1665, 1036, 6, 47
1666, 1037, 8, 77
1667, 1037, 8, 53
1668, 1038, 2, 79
1669, 1038, 9, 45
1670, 1039, 8, 100
1671, 1024, 1, 117
1672, 1024, 7, 80
1673, 1025, 5, 108
1674, 1026, 6, 41
1675, 1027, 8, 71
1676, 1027, 2, 120
1677, 1028, 4, 76
1678, 1029, 9, 93
1679, 1030, 4, 92
1680, 1031, 1, 79
1681, 1031, 9, 89
1682, 1049, 10, 112
1683, 1049, 10, 87
1684, 1048, 5, 41
1685, 1048, 2, 46
1686, 1051, 7, 85
1687, 1050, 4, 103
1688, 1050, 5, 80
1689, 1053, 2, 100
1690, 1052, 2, 94
1691, 1055, 10, 57
1692, 1054, 3, 73
1693, 1041, 10, 50
1694, 1040, 8, 110
1695, 1040, 5, 88
1696, 1043, 3, 82
1697, 1043, 3, 100
1698, 1042, 2, 113
1699, 1042, 4, 109
1700, 1045, 9, 84
1701, 1044, 1, 99
1702, 1044, 10, 84
1703, 1047, 4, 44
1704, 1046, 8, 53
1705, 1046, 3, 45
1706, 1066, 1, 86
1707, 1066, 4, 85
1708, 1067, 8, 106
1709, 1067, 5, 40
1710, 1064, 2, 117
1711, 1064, 4, 80
1712, 1065, 8, 109
1713, 1070, 5, 116
1714, 1071, 9, 76
1715, 1071, 2, 44
1716, 1068, 7, 42
1717, 1068, 8, 67
1718, 1069, 5, 113
1719, 1058, 8, 73
1720, 1059, 2, 61
1721, 1056, 6, 41
1722, 1056, 7, 78
1723, 1057, 5, 91
1724, 1062, 5, 51
1725, 1062, 8, 75
1726, 1063, 2, 96
1727, 1060, 6, 118
1728, 1061, 10, 43
1729, 1083, 3, 60
1730, 1083, 1, 41
1731, 1082, 7, 66
1732, 1082, 1, 114
1733, 1081, 9, 44
1734, 1080, 10, 59
1735, 1080, 2, 103
1736, 1087, 5, 106
1737, 1086, 7, 41
1738, 1086, 4, 58
1739, 1085, 9, 69
1740, 1085, 7, 81
1741, 1084, 8, 115
1742, 1075, 6, 85
1743, 1074, 10, 108
1744, 1074, 10, 46
1745, 1073, 8, 94
1746, 1073, 7, 80
1747, 1072, 5, 97
1748, 1079, 10, 119
1749, 1078, 8, 89
1750, 1078, 9, 110
1751, 1077, 1, 114
1752, 1076, 3, 112
1753, 1221, 2, 49
1754, 1221, 1, 78
1755, 1220, 4, 43
1756, 1223, 9, 99
1757, 1222, 5, 104
1758, 1222, 4, 78
1759, 1217, 4, 115
1760, 1217, 2, 66
1761, 1216, 3, 58
1762, 1219, 8, 68
1763, 1219, 1, 67
1764, 1218, 5, 117
1765, 1218, 3, 97
1766, 1229, 2, 60
1767, 1228, 10, 113
1768, 1228, 6, 71
1769, 1231, 4, 83
1770, 1230, 8, 102
1771, 1225, 3, 61
1772, 1224, 2, 88
1773, 1227, 3, 89
1774, 1226, 6, 40
1775, 1226, 10, 58
1776, 1236, 9, 73
1777, 1237, 1, 102
1778, 1238, 6, 120
1779, 1238, 10, 60
1780, 1239, 1, 49
1781, 1232, 10, 113
1782, 1233, 2, 69
1783, 1234, 6, 61
1784, 1235, 1, 80
1785, 1235, 3, 67
1786, 1244, 8, 43
1787, 1244, 6, 63
1788, 1245, 8, 90
1789, 1245, 10, 78
1790, 1246, 9, 95
1791, 1247, 8, 63
1792, 1247, 7, 100
1793, 1240, 5, 66
1794, 1240, 5, 62
1795, 1241, 7, 54
1796, 1241, 6, 65
1797, 1242, 10, 90
1798, 1242, 2, 111
1799, 1243, 6, 55
1800, 1255, 6, 81
1801, 1255, 6, 48
1802, 1254, 6, 105
1803, 1254, 2, 55
1804, 1253, 4, 80
1805, 1252, 8, 105
1806, 1252, 9, 64
1807, 1251, 7, 48
1808, 1251, 1, 73
1809, 1250, 6, 86
1810, 1249, 4, 116
1811, 1248, 8, 120
1812, 1263, 6, 81
1813, 1262, 7, 42
1814, 1261, 7, 100
1815, 1260, 2, 77
1816, 1260, 6, 118
1817, 1259, 8, 65
1818, 1258, 5, 103
1819, 1257, 2, 44
1820, 1256, 8, 92
1821, 1256, 1, 72
1822, 1270, 8, 47
1823, 1271, 2, 97
1824, 1271, 9, 72
1825, 1268, 8, 89
1826, 1268, 7, 65
1827, 1269, 8, 59
1828, 1266, 1, 110
1829, 1266, 4, 91
1830, 1267, 2, 103
1831, 1267, 6, 57
1832, 1264, 3, 63
1833, 1264, 2, 118
1834, 1265, 7, 42
1835, 1278, 8, 73
1836, 1279, 4, 90
1837, 1276, 8, 84
1838, 1277, 1, 60
1839, 1274, 2, 57
1840, 1275, 6, 49
1841, 1275, 10, 89
1842, 1272, 7, 115
1843, 1272, 5, 75
1844, 1273, 4, 83
1845, 1273, 6, 100
1846, 1153, 7, 48
1847, 1152, 4, 43
1848, 1155, 5, 84
1849, 1154, 1, 46
1850, 1157, 7, 116
1851, 1156, 6, 83
1852, 1159, 6, 78
1853, 1158, 8, 54
1854, 1161, 7, 76
1855, 1161, 2, 75
1856, 1160, 2, 95
1857, 1163, 6, 47
1858, 1163, 5, 116
1859, 1162, 2, 55
1860, 1165, 10, 64
1861, 1165, 3, 46
1862, 1164, 6, 68
1863, 1164, 1, 80
1864, 1167, 10, 61
1865, 1166, 1, 57
1866, 1168, 5, 86
1867, 1168, 3, 109
1868, 1169, 3, 111
1869, 1169, 10, 75
1870, 1170, 2, 118
1871, 1170, 10, 53
1872, 1171, 10, 62
1873, 1172, 6, 118
1874, 1173, 7, 94
1875, 1174, 9, 57
1876, 1175, 5, 115
1877, 1175, 3, 109
1878, 1176, 6, 64
1879, 1177, 6, 80
1880, 1177, 10, 77
1881, 1178, 5, 117
1882, 1178, 2, 72
1883, 1179, 7, 81
1884, 1180, 7, 48
1885, 1181, 5, 70
1886, 1181, 2, 68
1887, 1182, 3, 57
1888, 1182, 6, 78
1889, 1183, 2, 85
1890, 1183, 1, 85
1891, 1187, 4, 75
1892, 1187, 9, 57
1893, 1186, 5, 92
1894, 1185, 2, 115
1895, 1184, 7, 40
1896, 1184, 6, 48
1897, 1191, 9, 40
1898, 1190, 6, 90
1899, 1189, 5, 87
1900, 1188, 5, 89
1901, 1188, 3, 57
1902, 1195, 1, 85
1903, 1194, 9, 68
1904, 1194, 9, 57
1905, 1193, 8, 95
1906, 1192, 10, 57
1907, 1199, 7, 60
1908, 1199, 8, 87
1909, 1198, 3, 73
1910, 1198, 5, 111
1911, 1197, 9, 118
1912, 1197, 7, 86
1913, 1196, 3, 116
1914, 1196, 4, 101
1915, 1202, 4, 112
1916, 1202, 8, 58
1917, 1203, 10, 103
1918, 1203, 2, 90
1919, 1200, 5, 50
1920, 1201, 9, 79
1921, 1206, 6, 48
1922, 1207, 5, 78
1923, 1207, 1, 66
1924, 1204, 5, 103
1925, 1205, 4, 109
1926, 1205, 4, 61
1927, 1210, 10, 99
1928, 1211, 9, 108
1929, 1211, 9, 102
1930, 1208, 9, 112
1931, 1209, 5, 50
1932, 1209, 8, 116
1933, 1214, 9, 67
1934, 1215, 10, 53
1935, 1215, 8, 67
1936, 1212, 5, 74
1937, 1212, 1, 59
1938, 1213, 9, 95
1939, 1213, 1, 105
1940, 1307, 5, 113
1941, 1307, 3, 59
1942, 1306, 6, 83
1943, 1306, 8, 52
1944, 1305, 9, 61
1945, 1305, 10, 118
1946, 1304, 4, 42
1947, 1304, 4, 50
1948, 1311, 5, 43
1949, 1310, 7, 104
1950, 1310, 2, 76
1951, 1309, 2, 100
1952, 1309, 1, 48
1953, 1308, 2, 63
1954, 1308, 8, 112
1955, 1299, 5, 83
1956, 1299, 6, 71
1957, 1298, 6, 51
1958, 1298, 8, 56
1959, 1297, 8, 90
1960, 1297, 4, 108
1961, 1296, 4, 61
1962, 1296, 1, 46
1963, 1303, 1, 42
1964, 1303, 5, 111
1965, 1302, 7, 112
1966, 1302, 9, 45
1967, 1301, 6, 104
1968, 1301, 6, 97
1969, 1300, 10, 112
1970, 1300, 6, 102
1971, 1290, 9, 83
1972, 1290, 9, 79
1973, 1291, 3, 62
1974, 1291, 3, 117
1975, 1288, 5, 87
1976, 1288, 2, 66
1977, 1289, 7, 62
1978, 1289, 1, 63
1979, 1294, 5, 81
1980, 1294, 8, 47
1981, 1295, 1, 94
1982, 1292, 4, 68
1983, 1293, 9, 83
1984, 1293, 6, 115
1985, 1282, 3, 53
1986, 1283, 1, 106
1987, 1280, 3, 68
1988, 1281, 8, 97
1989, 1286, 9, 54
1990, 1287, 9, 46
1991, 1284, 10, 60
1992, 1285, 2, 50
1993, 1329, 5, 109
1994, 1328, 6, 61
1995, 1331, 9, 90
1996, 1331, 10, 73
1997, 1330, 3, 72
1998, 1333, 3, 64
1999, 1332, 1, 61
2000, 1320, 10, 103
2001, 1320, 2, 77
2002, 1321, 2, 101
2003, 1321, 7, 72
2004, 1322, 3, 75
2005, 1323, 4, 88
2006, 1324, 5, 81
2007, 1324, 10, 79
2008, 1325, 1, 77
2009, 1326, 1, 113
2010, 1327, 3, 112
2011, 1327, 10, 98
2012, 1312, 10, 94
2013, 1312, 10, 111
2014, 1313, 4, 115
2015, 1314, 8, 114
2016, 1315, 2, 65
2017, 1316, 9, 56
2018, 1316, 6, 52
2019, 1317, 8, 94
2020, 1317, 2, 73
2021, 1318, 2, 72
2022, 1319, 9, 110
